model,year,auc,brier,n
logistic_dhw30,2013,0.7363322277501381,0.09667815817357348,778
logistic_dhw30,2014,0.9035051847524462,0.11332765591919632,706
logistic_dhw30,2015,0.8723835763211266,0.15316439761759074,839
logistic_dhw30,2016,0.7672785039941903,0.19872340847518108,1059
logistic_dhw30,2017,0.6451115897804105,0.0968779603550112,673
logistic_dhw30,2018,0.5552518223989396,0.04435360712621111,515
logistic_dhw30,2019,0.6956531371853951,0.13228904739742856,486
logistic_dhw30,2020,0.923611111111111,0.2059437721778788,38
xgb_all_temp,2013,0.67397042564953,0.11737687885761261,778
xgb_all_temp,2014,0.8833698456745046,0.12209394574165344,706
xgb_all_temp,2015,0.8638216048674091,0.16992329061031342,839
xgb_all_temp,2016,0.6757716049382715,0.27917978167533875,1059
xgb_all_temp,2017,0.6980643810207623,0.09474758803844452,673
xgb_all_temp,2018,0.33084824387011263,0.045205242931842804,515
xgb_all_temp,2019,0.6528934774902517,0.12243691086769104,486
xgb_all_temp,2020,0.9027777777777778,0.14671242237091064,38
xgb_monotone,2013,0.6715381426202321,0.11189962178468704,778
xgb_monotone,2014,0.8743439949369554,0.13117121160030365,706
xgb_monotone,2015,0.8560345157463745,0.14939042925834656,839
xgb_monotone,2016,0.7122312999273783,0.2367468923330307,1059
xgb_monotone,2017,0.7464698139173099,0.1084463894367218,673
xgb_monotone,2018,0.47374088800530145,0.042812637984752655,515
xgb_monotone,2019,0.6400877348457994,0.12515515089035034,486
xgb_monotone,2020,0.9027777777777778,0.18606244027614594,38
xgb_dhw_only,2013,0.6736042012161415,0.10566852986812592,778
xgb_dhw_only,2014,0.9033786086363856,0.11728788912296295,706
xgb_dhw_only,2015,0.883413691501167,0.15542885661125183,839
xgb_dhw_only,2016,0.7653395061728396,0.20384863018989563,1059
xgb_dhw_only,2017,0.7018937354155448,0.11548518389463425,673
xgb_dhw_only,2018,0.6389165009940356,0.04458847641944885,515
xgb_dhw_only,2019,0.6709278624601205,0.1355057656764984,486
xgb_dhw_only,2020,0.8819444444444444,0.21759319305419922,38
