time,latitude,longitude,CRW_DHW,CRW_SST,CRW_SSTANOMALY,CRW_BAA
UTC,degrees_north,degrees_east,Celsius weeks,Celsius,Celsius,1
2016-01-03T12:00:00Z,25.025,-80.375,0.0,26.5,2.3000000000000003,0
2016-01-10T12:00:00Z,25.025,-80.375,0.0,25.45,1.45,0
2016-01-17T12:00:00Z,25.025,-80.375,0.0,25.32,1.49,0
2016-01-24T12:00:00Z,25.025,-80.375,0.0,24.67,0.9,0
2016-01-31T12:00:00Z,25.025,-80.375,0.0,23.990000000000002,0.28,0
2016-02-07T12:00:00Z,25.025,-80.375,0.0,24.35,0.71,0
2016-02-14T12:00:00Z,25.025,-80.375,0.0,24.05,0.47000000000000003,0
2016-02-21T12:00:00Z,25.025,-80.375,0.0,24.1,0.47000000000000003,0
2016-02-28T12:00:00Z,25.025,-80.375,0.0,23.97,0.26,0
2016-03-06T12:00:00Z,25.025,-80.375,0.0,24.1,0.32,0
2016-03-13T12:00:00Z,25.025,-80.375,0.0,23.89,0.03,0
2016-03-20T12:00:00Z,25.025,-80.375,0.0,25.830000000000002,1.79,0
2016-03-27T12:00:00Z,25.025,-80.375,0.0,25.62,1.36,0
2016-04-03T12:00:00Z,25.025,-80.375,0.0,26.490000000000002,2.0100000000000002,0
2016-04-10T12:00:00Z,25.025,-80.375,0.0,25.13,0.43,0
2016-04-17T12:00:00Z,25.025,-80.375,0.0,25.62,0.64,0
2016-04-24T12:00:00Z,25.025,-80.375,0.0,25.98,0.59,0
2016-05-01T12:00:00Z,25.025,-80.375,0.0,27.39,1.59,0
2016-05-08T12:00:00Z,25.025,-80.375,0.0,26.34,0.12,0
2016-05-15T12:00:00Z,25.025,-80.375,0.0,27.7,1.07,0
2016-05-22T12:00:00Z,25.025,-80.375,0.0,28.45,1.44,0
2016-05-29T12:00:00Z,25.025,-80.375,0.0,28.59,1.2,0
2016-06-05T12:00:00Z,25.025,-80.375,0.0,28.75,0.98,0
2016-06-12T12:00:00Z,25.025,-80.375,0.0,29.05,0.89,0
2016-06-19T12:00:00Z,25.025,-80.375,0.0,28.85,0.39,0
2016-06-26T12:00:00Z,25.025,-80.375,0.0,29.44,0.74,0
2016-07-03T12:00:00Z,25.025,-80.375,0.0,29.900000000000002,0.96,1
2016-07-10T12:00:00Z,25.025,-80.375,0.15,30.650000000000002,1.47,2
2016-07-17T12:00:00Z,25.025,-80.375,0.15,30.02,0.65,1
2016-07-24T12:00:00Z,25.025,-80.375,0.15,29.650000000000002,0.23,1
2016-07-31T12:00:00Z,25.025,-80.375,0.15,30.02,0.54,1
2016-08-07T12:00:00Z,25.025,-80.375,0.15,30.03,0.49,1
2016-08-14T12:00:00Z,25.025,-80.375,0.15,29.92,0.33,1
2016-08-21T12:00:00Z,25.025,-80.375,0.15,30.53,1.01,1
2016-08-28T12:00:00Z,25.025,-80.375,0.49,29.650000000000002,0.23,1
2016-09-04T12:00:00Z,25.025,-80.375,0.49,29.61,0.29,1
2016-09-11T12:00:00Z,25.025,-80.375,0.49,29.09,-0.14,0
2016-09-18T12:00:00Z,25.025,-80.375,0.49,30.07,1.04,1
2016-09-25T12:00:00Z,25.025,-80.375,0.49,30.14,1.44,1
2016-10-02T12:00:00Z,25.025,-80.375,0.34,29.21,0.84,0
2016-10-09T12:00:00Z,25.025,-80.375,0.34,29.14,1.11,0
2016-10-16T12:00:00Z,25.025,-80.375,0.34,28.39,0.6900000000000001,0
2016-10-23T12:00:00Z,25.025,-80.375,0.34,27.97,0.62,0
2016-10-30T12:00:00Z,25.025,-80.375,0.34,26.89,-0.11,0
2016-11-06T12:00:00Z,25.025,-80.375,0.34,27.060000000000002,0.41000000000000003,0
2016-11-13T12:00:00Z,25.025,-80.375,0.34,27.35,1.05,0
2016-11-20T12:00:00Z,25.025,-80.375,0.0,27.080000000000002,1.12,0
2016-11-27T12:00:00Z,25.025,-80.375,0.0,26.42,0.8,0
2016-12-04T12:00:00Z,25.025,-80.375,0.0,26.01,0.72,0
2016-12-11T12:00:00Z,25.025,-80.375,0.0,25.89,0.9400000000000001,0
2016-12-18T12:00:00Z,25.025,-80.375,0.0,25.900000000000002,1.23,0
2016-12-25T12:00:00Z,25.025,-80.375,0.0,26.07,1.6,0
2017-01-01T12:00:00Z,25.025,-80.375,0.0,25.46,1.2,0
2017-01-08T12:00:00Z,25.025,-80.375,0.0,24.740000000000002,0.68,0
2017-01-15T12:00:00Z,25.025,-80.375,0.0,25.02,1.17,0
2017-01-22T12:00:00Z,25.025,-80.375,0.0,25.14,1.35,0
2017-01-29T12:00:00Z,25.025,-80.375,0.0,24.09,0.37,0
2017-02-05T12:00:00Z,25.025,-80.375,0.0,23.57,-0.09,0
2017-02-12T12:00:00Z,25.025,-80.375,0.0,24.18,0.58,0
2017-02-19T12:00:00Z,25.025,-80.375,0.0,24.39,0.78,0
2017-02-26T12:00:00Z,25.025,-80.375,0.0,24.01,0.32,0
2017-03-05T12:00:00Z,25.025,-80.375,0.0,24.990000000000002,1.22,0
2017-03-12T12:00:00Z,25.025,-80.375,0.0,24.8,0.9500000000000001,0
2017-03-19T12:00:00Z,25.025,-80.375,0.0,24.16,0.15,0
2017-03-26T12:00:00Z,25.025,-80.375,0.0,24.29,0.06,0
2017-04-02T12:00:00Z,25.025,-80.375,0.0,26.080000000000002,1.6300000000000001,0
2017-04-09T12:00:00Z,25.025,-80.375,0.0,25.52,0.85,0
2017-04-16T12:00:00Z,25.025,-80.375,0.0,25.41,0.49,0
2017-04-23T12:00:00Z,25.025,-80.375,0.0,25.86,0.53,0
2017-04-30T12:00:00Z,25.025,-80.375,0.0,26.490000000000002,0.75,0
2017-05-07T12:00:00Z,25.025,-80.375,0.0,26.37,0.21,0
2017-05-14T12:00:00Z,25.025,-80.375,0.0,26.89,0.32,0
2017-05-21T12:00:00Z,25.025,-80.375,0.0,27.44,0.48,0
2017-05-28T12:00:00Z,25.025,-80.375,0.0,28.64,1.3,0
2017-06-04T12:00:00Z,25.025,-80.375,0.0,28.95,1.23,0
2017-06-11T12:00:00Z,25.025,-80.375,0.0,28.44,0.34,0
2017-06-18T12:00:00Z,25.025,-80.375,0.0,28.68,0.26,0
2017-06-25T12:00:00Z,25.025,-80.375,0.0,28.84,0.18,0
2017-07-02T12:00:00Z,25.025,-80.375,0.0,29.64,0.74,1
2017-07-09T12:00:00Z,25.025,-80.375,0.0,29.69,0.55,1
2017-07-16T12:00:00Z,25.025,-80.375,0.0,29.62,0.26,1
2017-07-23T12:00:00Z,25.025,-80.375,0.15,29.95,0.54,1
2017-07-30T12:00:00Z,25.025,-80.375,0.31,30.48,1.01,1
2017-08-06T12:00:00Z,25.025,-80.375,0.31,30.36,0.8300000000000001,1
2017-08-13T12:00:00Z,25.025,-80.375,0.31,30.45,0.87,1
2017-08-20T12:00:00Z,25.025,-80.375,1.1400000000000001,30.740000000000002,1.21,2
2017-08-27T12:00:00Z,25.025,-80.375,1.1400000000000001,29.86,0.43,1
2017-09-03T12:00:00Z,25.025,-80.375,1.1400000000000001,29.98,0.64,1
2017-09-10T12:00:00Z,25.025,-80.375,1.28,30.13,0.89,1
2017-09-17T12:00:00Z,25.025,-80.375,1.28,29.54,0.46,0
2017-09-24T12:00:00Z,25.025,-80.375,1.28,29.740000000000002,1.0,1
2017-10-01T12:00:00Z,25.025,-80.375,1.28,29.21,0.8,0
2017-10-08T12:00:00Z,25.025,-80.375,1.28,28.94,0.86,0
2017-10-15T12:00:00Z,25.025,-80.375,1.1400000000000001,28.7,0.9500000000000001,0
2017-10-22T12:00:00Z,25.025,-80.375,0.98,28.43,1.03,0
2017-10-29T12:00:00Z,25.025,-80.375,0.98,27.79,0.74,0
2017-11-05T12:00:00Z,25.025,-80.375,0.98,26.82,0.12,0
2017-11-12T12:00:00Z,25.025,-80.375,0.15,26.52,0.17,0
2017-11-19T12:00:00Z,25.025,-80.375,0.15,26.650000000000002,0.64,0
2017-11-26T12:00:00Z,25.025,-80.375,0.15,26.150000000000002,0.48,0
2017-12-03T12:00:00Z,25.025,-80.375,0.0,26.1,0.76,0
2017-12-10T12:00:00Z,25.025,-80.375,0.0,25.97,0.97,0
2017-12-17T12:00:00Z,25.025,-80.375,0.0,25.05,0.35000000000000003,0
2017-12-24T12:00:00Z,25.025,-80.375,0.0,25.17,0.67,0
2017-12-31T12:00:00Z,25.025,-80.375,0.0,25.04,0.75,0
2018-01-07T12:00:00Z,25.025,-80.375,0.0,24.03,-0.05,0
2018-01-14T12:00:00Z,25.025,-80.375,0.0,23.580000000000002,-0.3,0
2018-01-21T12:00:00Z,25.025,-80.375,0.0,22.84,-0.96,0
2018-01-28T12:00:00Z,25.025,-80.375,0.0,23.19,-0.54,0
2018-02-04T12:00:00Z,25.025,-80.375,0.0,23.32,-0.35000000000000003,0
2018-02-11T12:00:00Z,25.025,-80.375,0.0,24.6,0.99,0
2018-02-18T12:00:00Z,25.025,-80.375,0.0,25.0,1.4000000000000001,0
2018-02-25T12:00:00Z,25.025,-80.375,0.0,25.28,1.6,0
2018-03-04T12:00:00Z,25.025,-80.375,0.0,25.330000000000002,1.57,0
2018-03-11T12:00:00Z,25.025,-80.375,0.0,24.52,0.68,0
2018-03-18T12:00:00Z,25.025,-80.375,0.0,24.19,0.22,0
2018-03-25T12:00:00Z,25.025,-80.375,0.0,24.2,0.0,0
2018-04-01T12:00:00Z,25.025,-80.375,0.0,24.55,0.13,0
2018-04-08T12:00:00Z,25.025,-80.375,0.0,26.02,1.3800000000000001,0
2018-04-15T12:00:00Z,25.025,-80.375,0.0,26.1,1.24,0
2018-04-22T12:00:00Z,25.025,-80.375,0.0,26.150000000000002,0.88,0
2018-04-29T12:00:00Z,25.025,-80.375,0.0,26.330000000000002,0.64,0
2018-05-06T12:00:00Z,25.025,-80.375,0.0,26.060000000000002,-0.04,0
2018-05-13T12:00:00Z,25.025,-80.375,0.0,26.11,-0.4,0
2018-05-20T12:00:00Z,25.025,-80.375,0.0,26.48,-0.42,0
2018-05-27T12:00:00Z,25.025,-80.375,0.0,27.12,-0.16,0
2018-06-03T12:00:00Z,25.025,-80.375,0.0,27.69,0.02,0
2018-06-10T12:00:00Z,25.025,-80.375,0.0,28.77,0.72,0
2018-06-17T12:00:00Z,25.025,-80.375,0.0,29.060000000000002,0.67,0
2018-06-24T12:00:00Z,25.025,-80.375,0.0,29.96,1.33,1
2018-07-01T12:00:00Z,25.025,-80.375,0.0,29.91,1.04,1
2018-07-08T12:00:00Z,25.025,-80.375,0.0,29.98,0.87,1
2018-07-15T12:00:00Z,25.025,-80.375,0.0,30.47,1.12,1
2018-07-22T12:00:00Z,25.025,-80.375,0.32,30.52,1.11,1
2018-07-29T12:00:00Z,25.025,-80.375,0.61,30.490000000000002,1.03,1
2018-08-05T12:00:00Z,25.025,-80.375,0.61,29.82,0.3,1
2018-08-12T12:00:00Z,25.025,-80.375,0.61,30.28,0.7000000000000001,1
2018-08-19T12:00:00Z,25.025,-80.375,0.61,30.0,0.46,1
2018-08-26T12:00:00Z,25.025,-80.375,0.61,30.1,0.65,1
2018-09-02T12:00:00Z,25.025,-80.375,0.61,29.69,0.34,1
2018-09-09T12:00:00Z,25.025,-80.375,0.61,29.37,0.12,0
2018-09-16T12:00:00Z,25.025,-80.375,0.61,30.11,0.99,1
2018-09-23T12:00:00Z,25.025,-80.375,0.61,29.93,1.1400000000000001,1
2018-09-30T12:00:00Z,25.025,-80.375,0.61,29.51,1.05,0
2018-10-07T12:00:00Z,25.025,-80.375,0.61,28.8,0.67,0
2018-10-14T12:00:00Z,25.025,-80.375,0.29,29.02,1.22,0
2018-10-21T12:00:00Z,25.025,-80.375,0.0,28.580000000000002,1.1300000000000001,0
2018-10-28T12:00:00Z,25.025,-80.375,0.0,28.11,1.01,0
2018-11-04T12:00:00Z,25.025,-80.375,0.0,27.69,0.9400000000000001,0
2018-11-11T12:00:00Z,25.025,-80.375,0.0,27.46,1.06,0
2018-11-18T12:00:00Z,25.025,-80.375,0.0,26.84,0.78,0
2018-11-25T12:00:00Z,25.025,-80.375,0.0,26.650000000000002,0.93,0
2018-12-02T12:00:00Z,25.025,-80.375,0.0,26.35,0.97,0
2018-12-09T12:00:00Z,25.025,-80.375,0.0,26.13,1.08,0
2018-12-16T12:00:00Z,25.025,-80.375,0.0,25.46,0.73,0
2018-12-23T12:00:00Z,25.025,-80.375,0.0,24.8,0.27,0
2018-12-30T12:00:00Z,25.025,-80.375,0.0,25.0,0.68,0
2019-01-06T12:00:00Z,25.025,-80.375,0.0,25.63,1.52,0
2019-01-13T12:00:00Z,25.025,-80.375,0.0,25.03,1.12,0
2019-01-20T12:00:00Z,25.025,-80.375,0.0,24.19,0.39,0
2019-01-27T12:00:00Z,25.025,-80.375,0.0,23.830000000000002,0.09,0
2019-02-03T12:00:00Z,25.025,-80.375,0.0,23.32,-0.36,0
2019-02-10T12:00:00Z,25.025,-80.375,0.0,24.39,0.77,0
2019-02-17T12:00:00Z,25.025,-80.375,0.0,25.080000000000002,1.49,0
2019-02-24T12:00:00Z,25.025,-80.375,0.0,25.76,2.09,0
2019-03-03T12:00:00Z,25.025,-80.375,0.0,26.39,2.64,0
2019-03-10T12:00:00Z,25.025,-80.375,0.0,25.19,1.37,0
2019-03-17T12:00:00Z,25.025,-80.375,0.0,25.650000000000002,1.71,0
2019-03-24T12:00:00Z,25.025,-80.375,0.0,25.38,1.22,0
2019-03-31T12:00:00Z,25.025,-80.375,0.0,24.95,0.56,0
2019-04-07T12:00:00Z,25.025,-80.375,0.0,25.85,1.24,0
2019-04-14T12:00:00Z,25.025,-80.375,0.0,26.650000000000002,1.82,0
2019-04-21T12:00:00Z,25.025,-80.375,0.0,26.13,0.92,0
2019-04-28T12:00:00Z,25.025,-80.375,0.0,26.240000000000002,0.61,0
2019-05-05T12:00:00Z,25.025,-80.375,0.0,27.13,1.09,0
2019-05-12T12:00:00Z,25.025,-80.375,0.0,27.96,1.51,0
2019-05-19T12:00:00Z,25.025,-80.375,0.0,27.79,0.9400000000000001,0
2019-05-26T12:00:00Z,25.025,-80.375,0.0,27.39,0.16,0
2019-06-02T12:00:00Z,25.025,-80.375,0.0,28.55,0.9400000000000001,0
2019-06-09T12:00:00Z,25.025,-80.375,0.0,29.650000000000002,1.6600000000000001,1
2019-06-16T12:00:00Z,25.025,-80.375,0.0,29.54,1.19,0
2019-06-23T12:00:00Z,25.025,-80.375,0.0,29.52,0.93,0
2019-06-30T12:00:00Z,25.025,-80.375,0.0,29.93,1.1,1
2019-07-07T12:00:00Z,25.025,-80.375,0.0,30.23,1.1500000000000001,1
2019-07-14T12:00:00Z,25.025,-80.375,0.0,29.85,0.53,1
2019-07-21T12:00:00Z,25.025,-80.375,0.0,29.990000000000002,0.59,1
2019-07-28T12:00:00Z,25.025,-80.375,0.0,30.47,1.02,1
2019-08-04T12:00:00Z,25.025,-80.375,0.0,29.87,0.36,1
2019-08-11T12:00:00Z,25.025,-80.375,0.54,30.91,1.34,2
2019-08-18T12:00:00Z,25.025,-80.375,1.81,30.76,1.2,2
2019-08-25T12:00:00Z,25.025,-80.375,1.97,30.080000000000002,0.62,1
2019-09-01T12:00:00Z,25.025,-80.375,1.97,30.240000000000002,0.88,1
2019-09-08T12:00:00Z,25.025,-80.375,1.97,30.17,0.9,1
2019-09-15T12:00:00Z,25.025,-80.375,1.97,29.63,0.46,1
2019-09-22T12:00:00Z,25.025,-80.375,1.97,29.25,0.41000000000000003,0
2019-09-29T12:00:00Z,25.025,-80.375,1.97,28.82,0.31,0
2019-10-06T12:00:00Z,25.025,-80.375,1.97,28.78,0.6,0
2019-10-13T12:00:00Z,25.025,-80.375,1.97,28.740000000000002,0.9,0
2019-10-20T12:00:00Z,25.025,-80.375,1.97,29.05,1.55,0
2019-10-27T12:00:00Z,25.025,-80.375,1.97,28.810000000000002,1.6600000000000001,0
2019-11-03T12:00:00Z,25.025,-80.375,1.43,28.54,1.74,0
2019-11-10T12:00:00Z,25.025,-80.375,0.16,28.23,1.78,0
2019-11-17T12:00:00Z,25.025,-80.375,0.0,27.38,1.28,0
2019-11-24T12:00:00Z,25.025,-80.375,0.0,26.810000000000002,1.04,0
2019-12-01T12:00:00Z,25.025,-80.375,0.0,26.04,0.61,0
2019-12-08T12:00:00Z,25.025,-80.375,0.0,25.46,0.36,0
2019-12-15T12:00:00Z,25.025,-80.375,0.0,25.78,1.02,0
2019-12-22T12:00:00Z,25.025,-80.375,0.0,25.55,1.0,0
2019-12-29T12:00:00Z,25.025,-80.375,0.0,25.29,0.9400000000000001,0
2020-01-05T12:00:00Z,25.025,-80.375,0.0,25.38,1.24,0
2020-01-12T12:00:00Z,25.025,-80.375,0.0,24.53,0.59,0
2020-01-19T12:00:00Z,25.025,-80.375,0.0,25.32,1.51,0
2020-01-26T12:00:00Z,25.025,-80.375,0.0,24.61,0.86,0
2020-02-02T12:00:00Z,25.025,-80.375,0.0,24.330000000000002,0.64,0
2020-02-09T12:00:00Z,25.025,-80.375,0.0,23.64,0.02,0
2020-02-16T12:00:00Z,25.025,-80.375,0.0,25.69,2.11,0
2020-02-23T12:00:00Z,25.025,-80.375,0.0,26.03,2.37,0
2020-03-01T12:00:00Z,25.025,-80.375,0.0,25.03,1.3,0
2020-03-08T12:00:00Z,25.025,-80.375,0.0,25.02,1.21,0
2020-03-15T12:00:00Z,25.025,-80.375,0.0,25.26,1.3800000000000001,0
2020-03-22T12:00:00Z,25.025,-80.375,0.0,25.32,1.22,0
2020-03-29T12:00:00Z,25.025,-80.375,0.0,25.69,1.37,0
2020-04-05T12:00:00Z,25.025,-80.375,0.0,25.73,1.19,0
2020-04-12T12:00:00Z,25.025,-80.375,0.0,26.900000000000002,2.13,0
2020-04-19T12:00:00Z,25.025,-80.375,0.0,28.27,3.17,0
2020-04-26T12:00:00Z,25.025,-80.375,0.0,28.05,2.54,0
2020-05-03T12:00:00Z,25.025,-80.375,0.0,26.77,0.85,0
2020-05-10T12:00:00Z,25.025,-80.375,0.0,27.04,0.71,0
2020-05-17T12:00:00Z,25.025,-80.375,0.0,26.98,0.24,0
2020-05-24T12:00:00Z,25.025,-80.375,0.0,27.94,0.8200000000000001,0
2020-05-31T12:00:00Z,25.025,-80.375,0.0,28.810000000000002,1.31,0
2020-06-07T12:00:00Z,25.025,-80.375,0.0,29.07,1.19,0
2020-06-14T12:00:00Z,25.025,-80.375,0.0,29.03,0.76,0
2020-06-21T12:00:00Z,25.025,-80.375,0.0,29.2,0.67,0
2020-06-28T12:00:00Z,25.025,-80.375,0.0,29.650000000000002,0.88,1
2020-07-05T12:00:00Z,25.025,-80.375,0.33,30.79,1.78,2
2020-07-12T12:00:00Z,25.025,-80.375,1.3900000000000001,30.69,1.44,2
2020-07-19T12:00:00Z,25.025,-80.375,1.97,30.25,0.87,1
2020-07-26T12:00:00Z,25.025,-80.375,1.97,29.47,0.03,0
2020-08-02T12:00:00Z,25.025,-80.375,1.97,29.57,0.07,0
2020-08-09T12:00:00Z,25.025,-80.375,1.97,30.43,0.88,1
2020-08-16T12:00:00Z,25.025,-80.375,1.97,30.52,0.93,1
2020-08-23T12:00:00Z,25.025,-80.375,2.75,30.55,1.06,1
2020-08-30T12:00:00Z,25.025,-80.375,2.75,30.05,0.66,1
2020-09-06T12:00:00Z,25.025,-80.375,2.92,29.95,0.66,1
2020-09-13T12:00:00Z,25.025,-80.375,2.92,29.62,0.42,1
2020-09-20T12:00:00Z,25.025,-80.375,2.92,30.22,1.29,1
2020-09-27T12:00:00Z,25.025,-80.375,2.59,29.37,0.77,0
2020-10-04T12:00:00Z,25.025,-80.375,1.54,29.45,1.18,0
2020-10-11T12:00:00Z,25.025,-80.375,0.9500000000000001,29.44,1.5,0
2020-10-18T12:00:00Z,25.025,-80.375,0.9500000000000001,28.88,1.28,0
2020-10-25T12:00:00Z,25.025,-80.375,0.9500000000000001,28.03,0.78,0
2020-11-01T12:00:00Z,25.025,-80.375,0.9500000000000001,28.51,1.61,0
2020-11-08T12:00:00Z,25.025,-80.375,0.9500000000000001,27.29,0.74,0
2020-11-15T12:00:00Z,25.025,-80.375,0.18,27.51,1.31,0
2020-11-22T12:00:00Z,25.025,-80.375,0.18,26.98,1.12,0
2020-11-29T12:00:00Z,25.025,-80.375,0.0,26.72,1.19,0
2020-12-06T12:00:00Z,25.025,-80.375,0.0,25.8,0.61,0
2020-12-13T12:00:00Z,25.025,-80.375,0.0,25.27,0.41000000000000003,0
2020-12-20T12:00:00Z,25.025,-80.375,0.0,25.27,0.66,0
2020-12-27T12:00:00Z,25.025,-80.375,0.0,24.52,0.11,0
2021-01-03T12:00:00Z,25.025,-80.375,0.0,24.57,0.37,0
2021-01-10T12:00:00Z,25.025,-80.375,0.0,23.44,-0.56,0
2021-01-17T12:00:00Z,25.025,-80.375,0.0,23.66,-0.17,0
2021-01-24T12:00:00Z,25.025,-80.375,0.0,23.31,-0.46,0
2021-01-31T12:00:00Z,25.025,-80.375,0.0,24.01,0.3,0
2021-02-07T12:00:00Z,25.025,-80.375,0.0,22.51,-1.1300000000000001,0
2021-02-14T12:00:00Z,25.025,-80.375,0.0,24.86,1.28,0
2021-02-21T12:00:00Z,25.025,-80.375,0.0,24.810000000000002,1.17,0
2021-02-28T12:00:00Z,25.025,-80.375,0.0,25.25,1.54,0
2021-03-07T12:00:00Z,25.025,-80.375,0.0,24.51,0.72,0
2021-03-14T12:00:00Z,25.025,-80.375,0.0,25.060000000000002,1.19,0
2021-03-21T12:00:00Z,25.025,-80.375,0.0,24.87,0.8,0
2021-03-28T12:00:00Z,25.025,-80.375,0.0,25.61,1.32,0
2021-04-04T12:00:00Z,25.025,-80.375,0.0,25.42,0.91,0
2021-04-11T12:00:00Z,25.025,-80.375,0.0,25.53,0.8,0
2021-04-18T12:00:00Z,25.025,-80.375,0.0,26.37,1.33,0
2021-04-25T12:00:00Z,25.025,-80.375,0.0,26.6,1.1500000000000001,0
2021-05-02T12:00:00Z,25.025,-80.375,0.0,27.47,1.61,0
2021-05-09T12:00:00Z,25.025,-80.375,0.0,28.02,1.74,0
2021-05-16T12:00:00Z,25.025,-80.375,0.0,27.77,1.09,0
2021-05-23T12:00:00Z,25.025,-80.375,0.0,26.67,-0.4,0
2021-05-30T12:00:00Z,25.025,-80.375,0.0,27.36,-0.09,0
2021-06-06T12:00:00Z,25.025,-80.375,0.0,27.89,0.06,0
2021-06-13T12:00:00Z,25.025,-80.375,0.0,28.85,0.64,0
2021-06-20T12:00:00Z,25.025,-80.375,0.0,28.92,0.43,0
2021-06-27T12:00:00Z,25.025,-80.375,0.0,28.740000000000002,0.01,0
2021-07-04T12:00:00Z,25.025,-80.375,0.0,29.1,0.13,0
2021-07-11T12:00:00Z,25.025,-80.375,0.0,29.09,-0.12,0
2021-07-18T12:00:00Z,25.025,-80.375,0.0,29.14,-0.23,0
2021-07-25T12:00:00Z,25.025,-80.375,0.0,29.79,0.36,1
2021-08-01T12:00:00Z,25.025,-80.375,0.51,30.82,1.33,2
2021-08-08T12:00:00Z,25.025,-80.375,1.1500000000000001,30.48,0.9400000000000001,1
2021-08-15T12:00:00Z,25.025,-80.375,1.1500000000000001,30.080000000000002,0.48,1
2021-08-22T12:00:00Z,25.025,-80.375,1.1500000000000001,30.12,0.62,1
2021-08-29T12:00:00Z,25.025,-80.375,1.1500000000000001,29.89,0.48,1
2021-09-05T12:00:00Z,25.025,-80.375,1.1500000000000001,30.2,0.89,1
2021-09-12T12:00:00Z,25.025,-80.375,1.1500000000000001,30.38,1.17,1
2021-09-19T12:00:00Z,25.025,-80.375,1.1500000000000001,29.66,0.68,1
2021-09-26T12:00:00Z,25.025,-80.375,1.1500000000000001,29.76,1.11,1
2021-10-03T12:00:00Z,25.025,-80.375,1.1500000000000001,29.11,0.79,0
2021-10-10T12:00:00Z,25.025,-80.375,1.1500000000000001,29.22,1.23,0
2021-10-17T12:00:00Z,25.025,-80.375,1.1500000000000001,29.1,1.45,0
2021-10-24T12:00:00Z,25.025,-80.375,0.64,28.67,1.37,0
2021-10-31T12:00:00Z,25.025,-80.375,0.0,28.060000000000002,1.11,0
2021-11-07T12:00:00Z,25.025,-80.375,0.0,27.0,0.4,0
2021-11-14T12:00:00Z,25.025,-80.375,0.0,26.48,0.23,0
2021-11-21T12:00:00Z,25.025,-80.375,0.0,26.26,0.35000000000000003,0
2021-11-28T12:00:00Z,25.025,-80.375,0.0,25.32,-0.26,0
2021-12-05T12:00:00Z,25.025,-80.375,0.0,25.41,0.17,0
2021-12-12T12:00:00Z,25.025,-80.375,0.0,26.52,1.62,0
2021-12-19T12:00:00Z,25.025,-80.375,0.0,25.96,1.32,0
2021-12-26T12:00:00Z,25.025,-80.375,0.0,25.73,1.29,0
2022-01-02T12:00:00Z,25.025,-80.375,0.0,25.55,1.32,0
2022-01-09T12:00:00Z,25.025,-80.375,0.0,25.27,1.24,0
2022-01-16T12:00:00Z,25.025,-80.375,0.0,24.77,0.93,0
2022-01-23T12:00:00Z,25.025,-80.375,0.0,24.26,0.48,0
2022-01-30T12:00:00Z,25.025,-80.375,0.0,23.87,0.16,0
2022-02-06T12:00:00Z,25.025,-80.375,0.0,24.330000000000002,0.68,0
2022-02-13T12:00:00Z,25.025,-80.375,0.0,24.76,1.17,0
2022-02-20T12:00:00Z,25.025,-80.375,0.0,24.45,0.8200000000000001,0
2022-02-27T12:00:00Z,25.025,-80.375,0.0,24.94,1.24,0
2022-03-06T12:00:00Z,25.025,-80.375,0.0,25.07,1.29,0
2022-03-13T12:00:00Z,25.025,-80.375,0.0,25.98,2.12,0
2022-03-20T12:00:00Z,25.025,-80.375,0.0,26.19,2.15,0
2022-03-27T12:00:00Z,25.025,-80.375,0.0,25.78,1.52,0
2022-04-03T12:00:00Z,25.025,-80.375,0.0,26.02,1.54,0
2022-04-10T12:00:00Z,25.025,-80.375,0.0,26.02,1.32,0
2022-04-17T12:00:00Z,25.025,-80.375,0.0,26.21,1.23,0
2022-04-24T12:00:00Z,25.025,-80.375,0.0,25.830000000000002,0.44,0
2022-05-01T12:00:00Z,25.025,-80.375,0.0,26.6,0.8,0
2022-05-08T12:00:00Z,25.025,-80.375,0.0,27.95,1.73,0
2022-05-15T12:00:00Z,25.025,-80.375,0.0,27.740000000000002,1.11,0
2022-05-22T12:00:00Z,25.025,-80.375,0.0,28.060000000000002,1.05,0
2022-05-29T12:00:00Z,25.025,-80.375,0.0,28.72,1.33,0
2022-06-05T12:00:00Z,25.025,-80.375,0.0,27.98,0.21,0
2022-06-12T12:00:00Z,25.025,-80.375,0.0,29.17,1.01,0
2022-06-19T12:00:00Z,25.025,-80.375,0.0,29.42,0.96,0
2022-06-26T12:00:00Z,25.025,-80.375,0.0,29.52,0.8200000000000001,0
2022-07-03T12:00:00Z,25.025,-80.375,0.0,30.03,1.09,1
2022-07-10T12:00:00Z,25.025,-80.375,0.0,30.47,1.29,1
2022-07-17T12:00:00Z,25.025,-80.375,0.47000000000000003,30.28,0.91,1
2022-07-24T12:00:00Z,25.025,-80.375,0.47000000000000003,30.42,1.0,1
2022-07-31T12:00:00Z,25.025,-80.375,0.47000000000000003,29.93,0.45,1
2022-08-07T12:00:00Z,25.025,-80.375,0.47000000000000003,30.07,0.53,1
2022-08-14T12:00:00Z,25.025,-80.375,0.47000000000000003,30.09,0.5,1
2022-08-21T12:00:00Z,25.025,-80.375,1.29,30.810000000000002,1.29,2
2022-08-28T12:00:00Z,25.025,-80.375,2.34,30.69,1.27,2
2022-09-04T12:00:00Z,25.025,-80.375,3.13,30.740000000000002,1.42,2
2022-09-11T12:00:00Z,25.025,-80.375,4.3100000000000005,30.970000000000002,1.74,3
2022-09-18T12:00:00Z,25.025,-80.375,5.25,30.38,1.35,1
2022-09-25T12:00:00Z,25.025,-80.375,5.25,30.44,1.74,1
2022-10-02T12:00:00Z,25.025,-80.375,5.25,29.12,0.75,0
2022-10-09T12:00:00Z,25.025,-80.375,4.7700000000000005,28.36,0.33,0
2022-10-16T12:00:00Z,25.025,-80.375,4.7700000000000005,28.7,1.0,0
2022-10-23T12:00:00Z,25.025,-80.375,4.7700000000000005,27.39,0.04,0
2022-10-30T12:00:00Z,25.025,-80.375,4.7700000000000005,27.38,0.38,0
2022-11-06T12:00:00Z,25.025,-80.375,4.7700000000000005,27.650000000000002,1.0,0
2022-11-13T12:00:00Z,25.025,-80.375,3.96,27.48,1.18,0
2022-11-20T12:00:00Z,25.025,-80.375,2.9,26.97,1.01,0
2022-11-27T12:00:00Z,25.025,-80.375,2.12,27.27,1.6500000000000001,0
2022-12-04T12:00:00Z,25.025,-80.375,0.9400000000000001,26.78,1.49,0
2022-12-11T12:00:00Z,25.025,-80.375,0.0,25.91,0.96,0
2022-12-18T12:00:00Z,25.025,-80.375,0.0,25.67,1.0,0
2022-12-25T12:00:00Z,25.025,-80.375,0.0,25.23,0.76,0
2023-01-01T12:00:00Z,25.025,-80.375,0.0,24.740000000000002,0.48,0
2023-01-08T12:00:00Z,25.025,-80.375,0.0,24.73,0.67,0
2023-01-15T12:00:00Z,25.025,-80.375,0.0,23.19,-0.66,0
2023-01-22T12:00:00Z,25.025,-80.375,0.0,24.85,1.06,0
2023-01-29T12:00:00Z,25.025,-80.375,0.0,24.740000000000002,1.02,0
2023-02-05T12:00:00Z,25.025,-80.375,0.0,25.25,1.59,0
2023-02-12T12:00:00Z,25.025,-80.375,0.0,25.26,1.6600000000000001,0
2023-02-19T12:00:00Z,25.025,-80.375,0.0,24.54,0.93,0
2023-02-26T12:00:00Z,25.025,-80.375,0.0,25.8,2.11,0
2023-03-05T12:00:00Z,25.025,-80.375,0.0,25.8,2.0300000000000002,0
2023-03-12T12:00:00Z,25.025,-80.375,0.0,25.560000000000002,1.71,0
2023-03-19T12:00:00Z,25.025,-80.375,0.0,25.02,1.01,0
2023-03-26T12:00:00Z,25.025,-80.375,0.0,25.66,1.43,0
2023-04-02T12:00:00Z,25.025,-80.375,0.0,26.45,2.0,0
2023-04-09T12:00:00Z,25.025,-80.375,0.0,26.37,1.7,0
2023-04-16T12:00:00Z,25.025,-80.375,0.0,27.16,2.24,0
2023-04-23T12:00:00Z,25.025,-80.375,0.0,27.07,1.74,0
2023-04-30T12:00:00Z,25.025,-80.375,0.0,27.7,1.96,0
2023-05-07T12:00:00Z,25.025,-80.375,0.0,27.05,0.89,0
2023-05-14T12:00:00Z,25.025,-80.375,0.0,27.27,0.7000000000000001,0
2023-05-21T12:00:00Z,25.025,-80.375,0.0,28.62,1.6600000000000001,0
2023-05-28T12:00:00Z,25.025,-80.375,0.0,28.97,1.6300000000000001,0
2023-06-04T12:00:00Z,25.025,-80.375,0.0,29.11,1.3900000000000001,0
2023-06-11T12:00:00Z,25.025,-80.375,0.0,29.17,1.07,0
2023-06-18T12:00:00Z,25.025,-80.375,0.0,29.93,1.51,1
2023-06-25T12:00:00Z,25.025,-80.375,0.0,29.96,1.3,1
2023-07-02T12:00:00Z,25.025,-80.375,0.0,30.45,1.55,1
2023-07-09T12:00:00Z,25.025,-80.375,1.44,31.32,2.18,2
2023-07-16T12:00:00Z,25.025,-80.375,3.5300000000000002,31.68,2.32,2
2023-07-23T12:00:00Z,25.025,-80.375,5.47,31.69,2.2800000000000002,3
2023-07-30T12:00:00Z,25.025,-80.375,7.1000000000000005,30.6,1.1300000000000001,3
2023-08-06T12:00:00Z,25.025,-80.375,8.68,31.59,2.06,4
2023-08-13T12:00:00Z,25.025,-80.375,10.81,31.740000000000002,2.16,4
2023-08-20T12:00:00Z,25.025,-80.375,12.52,31.05,1.52,4
2023-08-27T12:00:00Z,25.025,-80.375,13.83,30.84,1.41,4
2023-09-03T12:00:00Z,25.025,-80.375,14.19,30.36,1.02,1
2023-09-10T12:00:00Z,25.025,-80.375,14.19,30.34,1.1,1
2023-09-17T12:00:00Z,25.025,-80.375,15.05,30.94,1.86,4
2023-09-24T12:00:00Z,25.025,-80.375,15.790000000000001,30.5,1.76,1
2023-10-01T12:00:00Z,25.025,-80.375,14.35,30.11,1.7,1
2023-10-08T12:00:00Z,25.025,-80.375,12.26,29.89,1.81,1
2023-10-15T12:00:00Z,25.025,-80.375,10.32,29.69,1.94,1
2023-10-22T12:00:00Z,25.025,-80.375,8.69,27.79,0.39,0
2023-10-29T12:00:00Z,25.025,-80.375,7.11,27.05,0.0,0
2023-11-05T12:00:00Z,25.025,-80.375,4.98,27.39,0.6900000000000001,0
2023-11-12T12:00:00Z,25.025,-80.375,3.27,27.64,1.29,0
2023-11-19T12:00:00Z,25.025,-80.375,1.95,26.79,0.78,0
2023-11-26T12:00:00Z,25.025,-80.375,1.59,26.71,1.04,0
2023-12-03T12:00:00Z,25.025,-80.375,1.59,26.55,1.21,0
2023-12-10T12:00:00Z,25.025,-80.375,0.73,26.09,1.09,0
2023-12-17T12:00:00Z,25.025,-80.375,0.0,25.84,1.1400000000000001,0
2023-12-24T12:00:00Z,25.025,-80.375,0.0,24.94,0.44,0
2023-12-31T12:00:00Z,25.025,-80.375,0.0,24.19,-0.1,0
2024-01-07T12:00:00Z,25.025,-80.375,0.0,23.8,-0.28,0
2024-01-14T12:00:00Z,25.025,-80.375,0.0,24.62,0.74,0
2024-01-21T12:00:00Z,25.025,-80.375,0.0,24.580000000000002,0.78,0
2024-01-28T12:00:00Z,25.025,-80.375,0.0,25.04,1.31,0
2024-02-05T12:00:00Z,25.025,-80.375,0.0,22.51,-1.1500000000000001,0
2024-02-12T12:00:00Z,25.025,-80.375,0.0,23.18,-0.42,0
2024-02-19T12:00:00Z,25.025,-80.375,0.0,23.330000000000002,-0.28,0
2024-02-26T12:00:00Z,25.025,-80.375,0.0,22.55,-1.1400000000000001,0
2024-03-04T12:00:00Z,25.025,-80.375,0.0,24.060000000000002,0.3,0
2024-03-11T12:00:00Z,25.025,-80.375,0.0,25.71,1.87,0
2024-03-18T12:00:00Z,25.025,-80.375,0.0,26.13,2.16,0
2024-03-25T12:00:00Z,25.025,-80.375,0.0,25.44,1.24,0
2024-04-01T12:00:00Z,25.025,-80.375,0.0,24.69,0.27,0
2024-04-08T12:00:00Z,25.025,-80.375,0.0,25.01,0.37,0
2024-04-15T12:00:00Z,25.025,-80.375,0.0,25.11,0.25,0
2024-04-22T12:00:00Z,25.025,-80.375,0.0,26.19,0.92,0
2024-04-29T12:00:00Z,25.025,-80.375,0.0,26.14,0.45,0
2024-05-06T12:00:00Z,25.025,-80.375,0.0,27.1,1.0,0
2024-05-13T12:00:00Z,25.025,-80.375,0.0,28.39,1.8800000000000001,0
2024-05-20T12:00:00Z,25.025,-80.375,0.0,29.52,2.62,0
2024-05-27T12:00:00Z,25.025,-80.375,0.0,29.88,2.6,1
2024-06-03T12:00:00Z,25.025,-80.375,0.0,28.990000000000002,1.32,0
2024-06-10T12:00:00Z,25.025,-80.375,0.0,29.97,1.92,1
2024-06-17T12:00:00Z,25.025,-80.375,0.0,29.14,0.75,0
2024-06-24T12:00:00Z,25.025,-80.375,0.0,29.25,0.62,0
2024-07-01T12:00:00Z,25.025,-80.375,0.0,29.900000000000002,1.03,1
2024-07-11T12:00:00Z,25.025,-80.375,0.0,30.22,1.01,1
2024-07-18T12:00:00Z,25.025,-80.375,0.0,30.35,0.98,1
2024-07-26T12:00:00Z,25.025,-80.375,0.47000000000000003,30.73,1.29,2
2024-08-02T12:00:00Z,25.025,-80.375,1.58,31.03,1.53,2
2024-08-09T12:00:00Z,25.025,-80.375,1.93,30.560000000000002,1.01,1
2024-08-16T12:00:00Z,25.025,-80.375,3.31,31.05,1.46,2
2024-08-23T12:00:00Z,25.025,-80.375,4.5600000000000005,30.69,1.2,3
2024-08-30T12:00:00Z,25.025,-80.375,4.5600000000000005,30.01,0.62,1
2024-09-06T12:00:00Z,25.025,-80.375,4.5600000000000005,30.400000000000002,1.11,1
2024-09-13T12:00:00Z,25.025,-80.375,4.9,30.89,1.69,3
2024-09-20T12:00:00Z,25.025,-80.375,6.45,30.900000000000002,1.97,3
2024-09-27T12:00:00Z,25.025,-80.375,7.17,29.35,0.75,0
2024-10-04T12:00:00Z,25.025,-80.375,7.17,30.17,1.9000000000000001,1
2024-10-11T12:00:00Z,25.025,-80.375,7.17,28.98,1.04,0
2024-10-18T12:00:00Z,25.025,-80.375,6.7,28.13,0.53,0
2024-10-25T12:00:00Z,25.025,-80.375,5.59,27.650000000000002,0.4,0
2024-11-01T12:00:00Z,25.025,-80.375,5.24,27.05,0.15,0
2024-11-08T12:00:00Z,25.025,-80.375,3.86,27.12,0.5700000000000001,0
2024-11-15T12:00:00Z,25.025,-80.375,2.61,27.26,1.06,0
2024-11-22T12:00:00Z,25.025,-80.375,2.61,26.44,0.58,0
2024-11-29T12:00:00Z,25.025,-80.375,2.61,25.84,0.31,0
2024-12-06T12:00:00Z,25.025,-80.375,2.27,24.32,-0.87,0
2024-12-13T12:00:00Z,25.025,-80.375,0.72,24.310000000000002,-0.55,0
2024-12-20T12:00:00Z,25.025,-80.375,0.0,25.54,0.93,0
2024-12-27T12:00:00Z,25.025,-80.375,0.0,23.61,-0.8,0
