time,latitude,longitude,CRW_DHW,CRW_SST,CRW_SSTANOMALY
2002-01-06T12:00:00Z,5.125,73.075,0.0,28.13,0.09
2002-01-13T12:00:00Z,5.125,73.075,0.0,28.14,0.11
2002-01-20T12:00:00Z,5.125,73.075,0.0,28.490000000000002,0.44
2002-01-27T12:00:00Z,5.125,73.075,0.0,28.400000000000002,0.3
2002-02-03T12:00:00Z,5.125,73.075,0.0,28.2,0.06
2002-02-10T12:00:00Z,5.125,73.075,0.0,28.03,-0.16
2002-02-17T12:00:00Z,5.125,73.075,0.0,28.330000000000002,0.06
2002-02-24T12:00:00Z,5.125,73.075,0.0,28.52,0.06
2002-03-03T12:00:00Z,5.125,73.075,0.0,28.48,-0.16
2002-03-10T12:00:00Z,5.125,73.075,0.0,29.16,0.33
2002-03-17T12:00:00Z,5.125,73.075,0.0,29.63,0.62
2002-03-24T12:00:00Z,5.125,73.075,0.0,29.36,0.19
2002-03-31T12:00:00Z,5.125,73.075,0.0,29.38,0.04
2002-04-07T12:00:00Z,5.125,73.075,0.0,29.96,0.45
2002-04-14T12:00:00Z,5.125,73.075,0.0,29.86,0.18
2002-04-21T12:00:00Z,5.125,73.075,0.0,30.080000000000002,0.38
2002-04-28T12:00:00Z,5.125,73.075,0.0,29.87,0.17
2002-05-05T12:00:00Z,5.125,73.075,0.0,29.64,-0.05
2002-05-12T12:00:00Z,5.125,73.075,0.0,29.66,-0.03
2002-05-19T12:00:00Z,5.125,73.075,0.0,29.55,0.0
2002-05-26T12:00:00Z,5.125,73.075,0.0,29.35,0.05
2002-06-02T12:00:00Z,5.125,73.075,0.0,29.28,0.23
2002-06-09T12:00:00Z,5.125,73.075,0.0,29.1,0.3
2002-06-16T12:00:00Z,5.125,73.075,0.0,28.42,-0.16
2002-06-23T12:00:00Z,5.125,73.075,0.0,28.7,0.17
2002-06-30T12:00:00Z,5.125,73.075,0.0,28.740000000000002,0.27
2002-07-07T12:00:00Z,5.125,73.075,0.0,28.76,0.35000000000000003
2002-07-14T12:00:00Z,5.125,73.075,0.0,28.82,0.46
2002-07-21T12:00:00Z,5.125,73.075,0.0,28.48,0.11
2002-07-28T12:00:00Z,5.125,73.075,0.0,28.38,-0.01
2002-08-04T12:00:00Z,5.125,73.075,0.0,28.1,-0.31
2002-08-11T12:00:00Z,5.125,73.075,0.0,28.07,-0.36
2002-08-18T12:00:00Z,5.125,73.075,0.0,28.46,0.04
2002-08-25T12:00:00Z,5.125,73.075,0.0,28.25,-0.12
2002-09-01T12:00:00Z,5.125,73.075,0.0,28.310000000000002,-0.01
2002-09-08T12:00:00Z,5.125,73.075,0.0,28.32,0.05
2002-09-15T12:00:00Z,5.125,73.075,0.0,28.73,0.51
2002-09-22T12:00:00Z,5.125,73.075,0.0,29.13,0.9
2002-09-29T12:00:00Z,5.125,73.075,0.0,29.240000000000002,1.0
2002-10-06T12:00:00Z,5.125,73.075,0.0,29.2,0.9500000000000001
2002-10-13T12:00:00Z,5.125,73.075,0.0,28.88,0.61
2002-10-20T12:00:00Z,5.125,73.075,0.0,28.95,0.68
2002-10-27T12:00:00Z,5.125,73.075,0.0,29.05,0.78
2002-11-03T12:00:00Z,5.125,73.075,0.0,28.89,0.63
2002-11-10T12:00:00Z,5.125,73.075,0.0,29.080000000000002,0.8200000000000001
2002-11-17T12:00:00Z,5.125,73.075,0.0,28.78,0.53
2002-11-24T12:00:00Z,5.125,73.075,0.0,28.77,0.56
2002-12-01T12:00:00Z,5.125,73.075,0.0,28.77,0.6
2002-12-08T12:00:00Z,5.125,73.075,0.0,28.63,0.49
2002-12-15T12:00:00Z,5.125,73.075,0.0,28.42,0.32
2002-12-22T12:00:00Z,5.125,73.075,0.0,28.17,0.09
2002-12-29T12:00:00Z,5.125,73.075,0.0,27.63,-0.43
2003-01-05T12:00:00Z,5.125,73.075,0.0,28.47,0.42
2003-01-12T12:00:00Z,5.125,73.075,0.0,28.13,0.1
2003-01-19T12:00:00Z,5.125,73.075,0.0,28.150000000000002,0.1
2003-01-26T12:00:00Z,5.125,73.075,0.0,27.7,-0.39
2003-02-02T12:00:00Z,5.125,73.075,0.0,28.42,0.28
2003-02-09T12:00:00Z,5.125,73.075,0.0,28.490000000000002,0.31
2003-02-16T12:00:00Z,5.125,73.075,0.0,28.47,0.22
2003-02-23T12:00:00Z,5.125,73.075,0.0,28.79,0.36
2003-03-02T12:00:00Z,5.125,73.075,0.0,28.650000000000002,0.03
2003-03-09T12:00:00Z,5.125,73.075,0.0,29.22,0.42
2003-03-16T12:00:00Z,5.125,73.075,0.0,29.72,0.74
2003-03-23T12:00:00Z,5.125,73.075,0.0,29.29,0.14
2003-03-30T12:00:00Z,5.125,73.075,0.0,29.59,0.27
2003-04-06T12:00:00Z,5.125,73.075,0.0,29.85,0.36
2003-04-13T12:00:00Z,5.125,73.075,0.16,30.8,1.1500000000000001
2003-04-20T12:00:00Z,5.125,73.075,0.66,30.93,1.23
2003-04-27T12:00:00Z,5.125,73.075,1.28,30.79,1.09
2003-05-04T12:00:00Z,5.125,73.075,1.43,30.03,0.34
2003-05-11T12:00:00Z,5.125,73.075,1.43,29.71,0.02
2003-05-18T12:00:00Z,5.125,73.075,1.43,29.47,-0.11
2003-05-25T12:00:00Z,5.125,73.075,1.43,29.94,0.6
2003-06-01T12:00:00Z,5.125,73.075,1.43,29.79,0.7000000000000001
2003-06-08T12:00:00Z,5.125,73.075,1.43,29.18,0.34
2003-06-15T12:00:00Z,5.125,73.075,1.43,28.37,-0.22
2003-06-22T12:00:00Z,5.125,73.075,1.43,28.79,0.26
2003-06-29T12:00:00Z,5.125,73.075,1.43,29.23,0.75
2003-07-06T12:00:00Z,5.125,73.075,1.27,29.05,0.63
2003-07-13T12:00:00Z,5.125,73.075,0.77,28.96,0.59
2003-07-20T12:00:00Z,5.125,73.075,0.15,28.66,0.3
2003-07-27T12:00:00Z,5.125,73.075,0.0,28.53,0.15
2003-08-03T12:00:00Z,5.125,73.075,0.0,28.7,0.29
2003-08-10T12:00:00Z,5.125,73.075,0.0,28.95,0.52
2003-08-17T12:00:00Z,5.125,73.075,0.0,28.64,0.21
2003-08-24T12:00:00Z,5.125,73.075,0.0,28.78,0.4
2003-08-31T12:00:00Z,5.125,73.075,0.0,28.95,0.62
2003-09-07T12:00:00Z,5.125,73.075,0.0,28.73,0.45
2003-09-14T12:00:00Z,5.125,73.075,0.0,29.02,0.79
2003-09-21T12:00:00Z,5.125,73.075,0.0,28.78,0.55
2003-09-28T12:00:00Z,5.125,73.075,0.0,28.77,0.53
2003-10-05T12:00:00Z,5.125,73.075,0.0,28.07,-0.18
2003-10-12T12:00:00Z,5.125,73.075,0.0,28.01,-0.25
2003-10-19T12:00:00Z,5.125,73.075,0.0,28.310000000000002,0.04
2003-10-26T12:00:00Z,5.125,73.075,0.0,28.580000000000002,0.31
2003-11-02T12:00:00Z,5.125,73.075,0.0,28.78,0.52
2003-11-09T12:00:00Z,5.125,73.075,0.0,28.22,-0.04
2003-11-16T12:00:00Z,5.125,73.075,0.0,29.240000000000002,0.99
2003-11-23T12:00:00Z,5.125,73.075,0.0,29.02,0.8
2003-11-30T12:00:00Z,5.125,73.075,0.0,28.53,0.35000000000000003
2003-12-07T12:00:00Z,5.125,73.075,0.0,27.93,-0.21
2003-12-14T12:00:00Z,5.125,73.075,0.0,28.330000000000002,0.22
2003-12-21T12:00:00Z,5.125,73.075,0.0,28.560000000000002,0.48
2003-12-28T12:00:00Z,5.125,73.075,0.0,28.32,0.25
2004-01-04T12:00:00Z,5.125,73.075,0.0,28.22,0.17
2004-01-11T12:00:00Z,5.125,73.075,0.0,28.55,0.52
2004-01-18T12:00:00Z,5.125,73.075,0.0,28.080000000000002,0.04
2004-01-25T12:00:00Z,5.125,73.075,0.0,27.810000000000002,-0.27
2004-02-01T12:00:00Z,5.125,73.075,0.0,28.01,-0.12
2004-02-08T12:00:00Z,5.125,73.075,0.0,28.6,0.43
2004-02-15T12:00:00Z,5.125,73.075,0.0,28.46,0.24
2004-02-22T12:00:00Z,5.125,73.075,0.0,28.85,0.45
2004-02-29T12:00:00Z,5.125,73.075,0.0,28.900000000000002,0.32
2004-03-07T12:00:00Z,5.125,73.075,0.0,28.84,0.08
2004-03-14T12:00:00Z,5.125,73.075,0.0,29.1,0.17
2004-03-21T12:00:00Z,5.125,73.075,0.0,29.59,0.49
2004-03-28T12:00:00Z,5.125,73.075,0.0,29.68,0.41000000000000003
2004-04-04T12:00:00Z,5.125,73.075,0.0,30.28,0.84
2004-04-11T12:00:00Z,5.125,73.075,0.0,30.32,0.72
2004-04-18T12:00:00Z,5.125,73.075,0.0,30.310000000000002,0.61
2004-04-25T12:00:00Z,5.125,73.075,0.19,31.05,1.35
2004-05-02T12:00:00Z,5.125,73.075,0.48,29.47,-0.22
2004-05-09T12:00:00Z,5.125,73.075,0.48,29.25,-0.44
2004-05-16T12:00:00Z,5.125,73.075,0.48,28.990000000000002,-0.66
2004-05-23T12:00:00Z,5.125,73.075,0.48,28.85,-0.56
2004-05-30T12:00:00Z,5.125,73.075,0.48,29.04,-0.12
2004-06-06T12:00:00Z,5.125,73.075,0.48,28.68,-0.23
2004-06-13T12:00:00Z,5.125,73.075,0.48,27.89,-0.77
2004-06-20T12:00:00Z,5.125,73.075,0.48,28.75,0.2
2004-06-27T12:00:00Z,5.125,73.075,0.48,28.64,0.15
2004-07-04T12:00:00Z,5.125,73.075,0.48,28.12,-0.32
2004-07-11T12:00:00Z,5.125,73.075,0.48,28.19,-0.19
2004-07-18T12:00:00Z,5.125,73.075,0.29,28.740000000000002,0.38
2004-07-25T12:00:00Z,5.125,73.075,0.0,28.14,-0.24
2004-08-01T12:00:00Z,5.125,73.075,0.0,28.240000000000002,-0.16
2004-08-08T12:00:00Z,5.125,73.075,0.0,28.48,0.06
2004-08-15T12:00:00Z,5.125,73.075,0.0,28.98,0.54
2004-08-22T12:00:00Z,5.125,73.075,0.0,28.8,0.41000000000000003
2004-08-29T12:00:00Z,5.125,73.075,0.0,28.76,0.42
2004-09-05T12:00:00Z,5.125,73.075,0.0,27.91,-0.38
2004-09-12T12:00:00Z,5.125,73.075,0.0,27.89,-0.35000000000000003
2004-09-19T12:00:00Z,5.125,73.075,0.0,28.53,0.3
2004-09-26T12:00:00Z,5.125,73.075,0.0,27.96,-0.28
2004-10-03T12:00:00Z,5.125,73.075,0.0,28.61,0.36
2004-10-10T12:00:00Z,5.125,73.075,0.0,28.5,0.24
2004-10-17T12:00:00Z,5.125,73.075,0.0,28.84,0.5700000000000001
2004-10-24T12:00:00Z,5.125,73.075,0.0,29.23,0.96
2004-10-31T12:00:00Z,5.125,73.075,0.0,27.900000000000002,-0.36
2004-11-07T12:00:00Z,5.125,73.075,0.0,28.84,0.58
2004-11-14T12:00:00Z,5.125,73.075,0.0,28.57,0.31
2004-11-21T12:00:00Z,5.125,73.075,0.0,29.52,1.29
2004-11-28T12:00:00Z,5.125,73.075,0.0,28.34,0.15
2004-12-05T12:00:00Z,5.125,73.075,0.0,27.94,-0.21
2004-12-12T12:00:00Z,5.125,73.075,0.0,28.18,0.06
2004-12-19T12:00:00Z,5.125,73.075,0.0,28.37,0.28
2004-12-26T12:00:00Z,5.125,73.075,0.0,27.96,-0.11
2005-01-02T12:00:00Z,5.125,73.075,0.0,27.98,-0.07
2005-01-09T12:00:00Z,5.125,73.075,0.0,28.05,0.01
2005-01-16T12:00:00Z,5.125,73.075,0.0,27.76,-0.27
2005-01-23T12:00:00Z,5.125,73.075,0.0,27.810000000000002,-0.26
2005-01-30T12:00:00Z,5.125,73.075,0.0,28.080000000000002,-0.04
2005-02-06T12:00:00Z,5.125,73.075,0.0,28.62,0.46
2005-02-13T12:00:00Z,5.125,73.075,0.0,28.26,0.05
2005-02-20T12:00:00Z,5.125,73.075,0.0,28.6,0.25
2005-02-27T12:00:00Z,5.125,73.075,0.0,28.63,0.09
2005-03-06T12:00:00Z,5.125,73.075,0.0,28.830000000000002,0.11
2005-03-13T12:00:00Z,5.125,73.075,0.0,29.6,0.6900000000000001
2005-03-20T12:00:00Z,5.125,73.075,0.0,29.55,0.47000000000000003
2005-03-27T12:00:00Z,5.125,73.075,0.0,29.55,0.3
2005-04-03T12:00:00Z,5.125,73.075,0.0,29.310000000000002,-0.1
2005-04-10T12:00:00Z,5.125,73.075,0.0,29.52,-0.06
2005-04-17T12:00:00Z,5.125,73.075,0.0,30.2,0.5
2005-04-24T12:00:00Z,5.125,73.075,0.0,30.2,0.5
2005-05-01T12:00:00Z,5.125,73.075,0.0,29.77,0.08
2005-05-08T12:00:00Z,5.125,73.075,0.0,30.1,0.41000000000000003
2005-05-15T12:00:00Z,5.125,73.075,0.0,29.88,0.19
2005-05-22T12:00:00Z,5.125,73.075,0.0,30.0,0.56
2005-05-29T12:00:00Z,5.125,73.075,0.0,29.47,0.28
2005-06-05T12:00:00Z,5.125,73.075,0.0,28.68,-0.26
2005-06-12T12:00:00Z,5.125,73.075,0.0,28.62,-0.08
2005-06-19T12:00:00Z,5.125,73.075,0.0,28.01,-0.55
2005-06-26T12:00:00Z,5.125,73.075,0.0,27.84,-0.66
2005-07-03T12:00:00Z,5.125,73.075,0.0,28.52,0.07
2005-07-10T12:00:00Z,5.125,73.075,0.0,28.16,-0.23
2005-07-17T12:00:00Z,5.125,73.075,0.0,28.51,0.15
2005-07-24T12:00:00Z,5.125,73.075,0.0,28.73,0.35000000000000003
2005-07-31T12:00:00Z,5.125,73.075,0.0,28.76,0.36
2005-08-07T12:00:00Z,5.125,73.075,0.0,29.13,0.71
2005-08-14T12:00:00Z,5.125,73.075,0.0,28.94,0.5
2005-08-21T12:00:00Z,5.125,73.075,0.0,28.67,0.27
2005-08-28T12:00:00Z,5.125,73.075,0.0,28.79,0.44
2005-09-04T12:00:00Z,5.125,73.075,0.0,28.43,0.13
2005-09-11T12:00:00Z,5.125,73.075,0.0,28.2,-0.05
2005-09-18T12:00:00Z,5.125,73.075,0.0,28.75,0.53
2005-09-25T12:00:00Z,5.125,73.075,0.0,28.84,0.6
2005-10-02T12:00:00Z,5.125,73.075,0.0,29.23,0.98
2005-10-09T12:00:00Z,5.125,73.075,0.0,28.6,0.34
2005-10-16T12:00:00Z,5.125,73.075,0.0,28.39,0.12
2005-10-23T12:00:00Z,5.125,73.075,0.0,28.14,-0.13
2005-10-30T12:00:00Z,5.125,73.075,0.0,28.07,-0.2
2005-11-06T12:00:00Z,5.125,73.075,0.0,28.14,-0.12
2005-11-13T12:00:00Z,5.125,73.075,0.0,28.48,0.22
2005-11-20T12:00:00Z,5.125,73.075,0.0,28.19,-0.04
2005-11-27T12:00:00Z,5.125,73.075,0.0,28.5,0.3
2005-12-04T12:00:00Z,5.125,73.075,0.0,28.38,0.22
2005-12-11T12:00:00Z,5.125,73.075,0.0,28.22,0.1
2005-12-18T12:00:00Z,5.125,73.075,0.0,28.22,0.13
2005-12-25T12:00:00Z,5.125,73.075,0.0,27.8,-0.27
2006-01-01T12:00:00Z,5.125,73.075,0.0,27.810000000000002,-0.25
2006-01-08T12:00:00Z,5.125,73.075,0.0,27.68,-0.36
2006-01-15T12:00:00Z,5.125,73.075,0.0,27.27,-0.75
2006-01-22T12:00:00Z,5.125,73.075,0.0,27.6,-0.47000000000000003
2006-01-29T12:00:00Z,5.125,73.075,0.0,27.23,-0.88
2006-02-05T12:00:00Z,5.125,73.075,0.0,27.73,-0.43
2006-02-12T12:00:00Z,5.125,73.075,0.0,28.22,0.02
2006-02-19T12:00:00Z,5.125,73.075,0.0,27.77,-0.56
2006-02-26T12:00:00Z,5.125,73.075,0.0,28.400000000000002,-0.11
2006-03-05T12:00:00Z,5.125,73.075,0.0,29.26,0.56
2006-03-12T12:00:00Z,5.125,73.075,0.0,28.87,-0.01
2006-03-19T12:00:00Z,5.125,73.075,0.0,28.86,-0.2
2006-03-26T12:00:00Z,5.125,73.075,0.0,28.990000000000002,-0.23
2006-04-02T12:00:00Z,5.125,73.075,0.0,29.43,0.04
2006-04-09T12:00:00Z,5.125,73.075,0.0,29.400000000000002,-0.16
2006-04-16T12:00:00Z,5.125,73.075,0.0,30.27,0.5700000000000001
2006-04-23T12:00:00Z,5.125,73.075,0.0,29.84,0.14
2006-04-30T12:00:00Z,5.125,73.075,0.0,29.990000000000002,0.3
2006-05-07T12:00:00Z,5.125,73.075,0.0,29.7,0.01
2006-05-14T12:00:00Z,5.125,73.075,0.0,29.48,-0.21
2006-05-21T12:00:00Z,5.125,73.075,0.0,29.02,-0.46
2006-05-28T12:00:00Z,5.125,73.075,0.0,29.21,-0.02
2006-06-04T12:00:00Z,5.125,73.075,0.0,29.18,0.2
2006-06-11T12:00:00Z,5.125,73.075,0.0,29.42,0.6900000000000001
2006-06-18T12:00:00Z,5.125,73.075,0.0,28.580000000000002,0.01
2006-06-25T12:00:00Z,5.125,73.075,0.0,28.23,-0.28
2006-07-02T12:00:00Z,5.125,73.075,0.0,28.400000000000002,-0.05
2006-07-09T12:00:00Z,5.125,73.075,0.0,29.1,0.7000000000000001
2006-07-16T12:00:00Z,5.125,73.075,0.0,28.28,-0.07
2006-07-23T12:00:00Z,5.125,73.075,0.0,28.72,0.35000000000000003
2006-07-30T12:00:00Z,5.125,73.075,0.0,29.18,0.79
2006-08-06T12:00:00Z,5.125,73.075,0.0,29.27,0.86
2006-08-13T12:00:00Z,5.125,73.075,0.0,29.17,0.74
2006-08-20T12:00:00Z,5.125,73.075,0.0,28.86,0.46
2006-08-27T12:00:00Z,5.125,73.075,0.0,28.96,0.61
2006-09-03T12:00:00Z,5.125,73.075,0.0,29.080000000000002,0.77
2006-09-10T12:00:00Z,5.125,73.075,0.0,28.900000000000002,0.64
2006-09-17T12:00:00Z,5.125,73.075,0.0,28.310000000000002,0.09
2006-09-24T12:00:00Z,5.125,73.075,0.0,28.89,0.66
2006-10-01T12:00:00Z,5.125,73.075,0.0,28.88,0.63
2006-10-08T12:00:00Z,5.125,73.075,0.0,28.97,0.71
2006-10-15T12:00:00Z,5.125,73.075,0.0,29.25,0.98
2006-10-22T12:00:00Z,5.125,73.075,0.0,29.26,0.99
2006-10-29T12:00:00Z,5.125,73.075,0.0,28.92,0.65
2006-11-05T12:00:00Z,5.125,73.075,0.0,29.16,0.9
2006-11-12T12:00:00Z,5.125,73.075,0.0,28.900000000000002,0.64
2006-11-19T12:00:00Z,5.125,73.075,0.0,28.95,0.71
2006-11-26T12:00:00Z,5.125,73.075,0.0,28.75,0.55
2006-12-03T12:00:00Z,5.125,73.075,0.0,28.490000000000002,0.33
2006-12-10T12:00:00Z,5.125,73.075,0.0,28.51,0.38
2006-12-17T12:00:00Z,5.125,73.075,0.0,28.39,0.3
2006-12-24T12:00:00Z,5.125,73.075,0.0,27.94,-0.14
2006-12-31T12:00:00Z,5.125,73.075,0.0,27.5,-0.56
2007-01-07T12:00:00Z,5.125,73.075,0.0,27.650000000000002,-0.39
2007-01-14T12:00:00Z,5.125,73.075,0.0,28.12,0.1
2007-01-21T12:00:00Z,5.125,73.075,0.0,27.7,-0.36
2007-01-28T12:00:00Z,5.125,73.075,0.0,27.86,-0.24
2007-02-04T12:00:00Z,5.125,73.075,0.0,27.78,-0.37
2007-02-11T12:00:00Z,5.125,73.075,0.0,27.740000000000002,-0.45
2007-02-18T12:00:00Z,5.125,73.075,0.0,27.82,-0.48
2007-02-25T12:00:00Z,5.125,73.075,0.0,28.13,-0.35000000000000003
2007-03-04T12:00:00Z,5.125,73.075,0.0,28.44,-0.23
2007-03-11T12:00:00Z,5.125,73.075,0.0,28.61,-0.24
2007-03-18T12:00:00Z,5.125,73.075,0.0,29.1,0.07
2007-03-25T12:00:00Z,5.125,73.075,0.0,29.150000000000002,-0.05
2007-04-01T12:00:00Z,5.125,73.075,0.0,29.76,0.39
2007-04-08T12:00:00Z,5.125,73.075,0.0,29.5,-0.03
2007-04-15T12:00:00Z,5.125,73.075,0.0,29.46,-0.24
2007-04-22T12:00:00Z,5.125,73.075,0.0,30.13,0.43
2007-04-29T12:00:00Z,5.125,73.075,0.0,30.51,0.81
2007-05-06T12:00:00Z,5.125,73.075,0.71,30.1,0.41000000000000003
2007-05-13T12:00:00Z,5.125,73.075,0.71,29.650000000000002,-0.04
2007-05-20T12:00:00Z,5.125,73.075,0.71,29.71,0.2
2007-05-27T12:00:00Z,5.125,73.075,0.71,29.3,0.04
2007-06-03T12:00:00Z,5.125,73.075,0.71,29.54,0.52
2007-06-10T12:00:00Z,5.125,73.075,0.71,29.400000000000002,0.63
2007-06-17T12:00:00Z,5.125,73.075,0.71,29.18,0.61
2007-06-24T12:00:00Z,5.125,73.075,0.71,28.72,0.2
2007-07-01T12:00:00Z,5.125,73.075,0.71,28.830000000000002,0.37
2007-07-08T12:00:00Z,5.125,73.075,0.71,29.41,1.0
2007-07-15T12:00:00Z,5.125,73.075,0.71,28.8,0.45
2007-07-22T12:00:00Z,5.125,73.075,0.71,28.38,0.01
2007-07-29T12:00:00Z,5.125,73.075,0.0,28.55,0.16
2007-08-05T12:00:00Z,5.125,73.075,0.0,29.03,0.62
2007-08-12T12:00:00Z,5.125,73.075,0.0,28.59,0.16
2007-08-19T12:00:00Z,5.125,73.075,0.0,29.01,0.6
2007-08-26T12:00:00Z,5.125,73.075,0.0,29.13,0.77
2007-09-02T12:00:00Z,5.125,73.075,0.0,29.150000000000002,0.84
2007-09-09T12:00:00Z,5.125,73.075,0.0,28.580000000000002,0.32
2007-09-16T12:00:00Z,5.125,73.075,0.0,28.89,0.67
2007-09-23T12:00:00Z,5.125,73.075,0.0,28.85,0.62
2007-09-30T12:00:00Z,5.125,73.075,0.0,28.84,0.6
2007-10-07T12:00:00Z,5.125,73.075,0.0,28.64,0.38
2007-10-14T12:00:00Z,5.125,73.075,0.0,28.98,0.71
2007-10-21T12:00:00Z,5.125,73.075,0.0,29.02,0.75
2007-10-28T12:00:00Z,5.125,73.075,0.0,28.3,0.03
2007-11-04T12:00:00Z,5.125,73.075,0.0,28.57,0.31
2007-11-11T12:00:00Z,5.125,73.075,0.0,28.36,0.1
2007-11-18T12:00:00Z,5.125,73.075,0.0,28.57,0.33
2007-11-25T12:00:00Z,5.125,73.075,0.0,28.810000000000002,0.6
2007-12-02T12:00:00Z,5.125,73.075,0.0,29.04,0.87
2007-12-09T12:00:00Z,5.125,73.075,0.0,28.2,0.07
2007-12-16T12:00:00Z,5.125,73.075,0.0,28.01,-0.09
2007-12-23T12:00:00Z,5.125,73.075,0.0,28.12,0.04
2007-12-30T12:00:00Z,5.125,73.075,0.0,28.13,0.07
2008-01-06T12:00:00Z,5.125,73.075,0.0,28.12,0.08
2008-01-13T12:00:00Z,5.125,73.075,0.0,27.92,-0.11
2008-01-20T12:00:00Z,5.125,73.075,0.0,27.63,-0.42
2008-01-27T12:00:00Z,5.125,73.075,0.0,28.04,-0.06
2008-02-03T12:00:00Z,5.125,73.075,0.0,28.26,0.12
2008-02-10T12:00:00Z,5.125,73.075,0.0,28.310000000000002,0.12
2008-02-17T12:00:00Z,5.125,73.075,0.0,28.7,0.43
2008-02-24T12:00:00Z,5.125,73.075,0.0,28.32,-0.13
2008-03-02T12:00:00Z,5.125,73.075,0.0,28.84,0.21
2008-03-09T12:00:00Z,5.125,73.075,0.0,29.05,0.24
2008-03-16T12:00:00Z,5.125,73.075,0.0,28.71,-0.27
2008-03-23T12:00:00Z,5.125,73.075,0.0,28.79,-0.36
2008-03-30T12:00:00Z,5.125,73.075,0.0,29.22,-0.1
2008-04-06T12:00:00Z,5.125,73.075,0.0,29.43,-0.06
2008-04-13T12:00:00Z,5.125,73.075,0.0,29.490000000000002,-0.16
2008-04-20T12:00:00Z,5.125,73.075,0.0,29.310000000000002,-0.39
2008-04-27T12:00:00Z,5.125,73.075,0.0,29.51,-0.19
2008-05-04T12:00:00Z,5.125,73.075,0.0,29.560000000000002,-0.13
2008-05-11T12:00:00Z,5.125,73.075,0.0,29.02,-0.67
2008-05-18T12:00:00Z,5.125,73.075,0.0,29.23,-0.35000000000000003
2008-05-25T12:00:00Z,5.125,73.075,0.0,29.64,0.3
2008-06-01T12:00:00Z,5.125,73.075,0.0,29.18,0.09
2008-06-08T12:00:00Z,5.125,73.075,0.0,28.88,0.04
2008-06-15T12:00:00Z,5.125,73.075,0.0,28.62,0.03
2008-06-22T12:00:00Z,5.125,73.075,0.0,29.060000000000002,0.53
2008-06-29T12:00:00Z,5.125,73.075,0.0,29.02,0.54
2008-07-06T12:00:00Z,5.125,73.075,0.0,28.97,0.55
2008-07-13T12:00:00Z,5.125,73.075,0.0,28.990000000000002,0.62
2008-07-20T12:00:00Z,5.125,73.075,0.0,28.36,0.0
2008-07-27T12:00:00Z,5.125,73.075,0.0,27.91,-0.47000000000000003
2008-08-03T12:00:00Z,5.125,73.075,0.0,28.5,0.09
2008-08-10T12:00:00Z,5.125,73.075,0.0,28.63,0.2
2008-08-17T12:00:00Z,5.125,73.075,0.0,29.080000000000002,0.65
2008-08-24T12:00:00Z,5.125,73.075,0.0,28.240000000000002,-0.14
2008-08-31T12:00:00Z,5.125,73.075,0.0,28.0,-0.33
2008-09-07T12:00:00Z,5.125,73.075,0.0,28.46,0.18
2008-09-14T12:00:00Z,5.125,73.075,0.0,28.650000000000002,0.42
2008-09-21T12:00:00Z,5.125,73.075,0.0,28.88,0.65
2008-09-28T12:00:00Z,5.125,73.075,0.0,29.01,0.77
2008-10-05T12:00:00Z,5.125,73.075,0.0,29.48,1.23
2008-10-12T12:00:00Z,5.125,73.075,0.0,29.42,1.16
2008-10-19T12:00:00Z,5.125,73.075,0.0,29.25,0.98
2008-10-26T12:00:00Z,5.125,73.075,0.0,28.3,0.03
2008-11-02T12:00:00Z,5.125,73.075,0.0,29.01,0.75
2008-11-09T12:00:00Z,5.125,73.075,0.0,29.23,0.97
2008-11-16T12:00:00Z,5.125,73.075,0.0,28.68,0.43
2008-11-23T12:00:00Z,5.125,73.075,0.0,28.89,0.67
2008-11-30T12:00:00Z,5.125,73.075,0.0,28.830000000000002,0.65
2008-12-07T12:00:00Z,5.125,73.075,0.0,29.150000000000002,1.01
2008-12-14T12:00:00Z,5.125,73.075,0.0,28.86,0.75
2008-12-21T12:00:00Z,5.125,73.075,0.0,28.73,0.65
2008-12-28T12:00:00Z,5.125,73.075,0.0,28.35,0.28
2009-01-04T12:00:00Z,5.125,73.075,0.0,27.97,-0.08
2009-01-11T12:00:00Z,5.125,73.075,0.0,28.1,0.07
2009-01-18T12:00:00Z,5.125,73.075,0.0,27.84,-0.2
2009-01-25T12:00:00Z,5.125,73.075,0.0,27.990000000000002,-0.09
2009-02-01T12:00:00Z,5.125,73.075,0.0,28.03,-0.1
2009-02-08T12:00:00Z,5.125,73.075,0.0,27.76,-0.41000000000000003
2009-02-15T12:00:00Z,5.125,73.075,0.0,28.27,0.05
2009-02-22T12:00:00Z,5.125,73.075,0.0,28.45,0.05
2009-03-01T12:00:00Z,5.125,73.075,0.0,28.73,0.14
2009-03-08T12:00:00Z,5.125,73.075,0.0,28.53,-0.24
2009-03-15T12:00:00Z,5.125,73.075,0.0,29.35,0.39
2009-03-22T12:00:00Z,5.125,73.075,0.0,29.44,0.31
2009-03-29T12:00:00Z,5.125,73.075,0.0,30.52,1.23
2009-04-05T12:00:00Z,5.125,73.075,0.0,30.17,0.71
2009-04-12T12:00:00Z,5.125,73.075,0.0,29.64,0.01
2009-04-19T12:00:00Z,5.125,73.075,0.0,29.69,-0.01
2009-04-26T12:00:00Z,5.125,73.075,0.0,30.0,0.3
2009-05-03T12:00:00Z,5.125,73.075,0.0,29.98,0.29
2009-05-10T12:00:00Z,5.125,73.075,0.0,30.11,0.42
2009-05-17T12:00:00Z,5.125,73.075,0.0,29.580000000000002,-0.04
2009-05-24T12:00:00Z,5.125,73.075,0.0,29.04,-0.33
2009-05-31T12:00:00Z,5.125,73.075,0.0,28.48,-0.64
2009-06-07T12:00:00Z,5.125,73.075,0.0,28.68,-0.19
2009-06-14T12:00:00Z,5.125,73.075,0.0,28.79,0.16
2009-06-21T12:00:00Z,5.125,73.075,0.0,28.68,0.14
2009-06-28T12:00:00Z,5.125,73.075,0.0,28.77,0.28
2009-07-05T12:00:00Z,5.125,73.075,0.0,28.560000000000002,0.13
2009-07-12T12:00:00Z,5.125,73.075,0.0,29.02,0.65
2009-07-19T12:00:00Z,5.125,73.075,0.0,28.5,0.14
2009-07-26T12:00:00Z,5.125,73.075,0.0,28.7,0.32
2009-08-02T12:00:00Z,5.125,73.075,0.0,29.38,0.98
2009-08-09T12:00:00Z,5.125,73.075,0.0,28.35,-0.07
2009-08-16T12:00:00Z,5.125,73.075,0.0,28.36,-0.07
2009-08-23T12:00:00Z,5.125,73.075,0.0,28.57,0.19
2009-08-30T12:00:00Z,5.125,73.075,0.0,28.39,0.06
2009-09-06T12:00:00Z,5.125,73.075,0.0,28.67,0.39
2009-09-13T12:00:00Z,5.125,73.075,0.0,28.400000000000002,0.17
2009-09-20T12:00:00Z,5.125,73.075,0.0,28.66,0.43
2009-09-27T12:00:00Z,5.125,73.075,0.0,28.5,0.26
2009-10-04T12:00:00Z,5.125,73.075,0.0,28.57,0.32
2009-10-11T12:00:00Z,5.125,73.075,0.0,28.89,0.63
2009-10-18T12:00:00Z,5.125,73.075,0.0,29.25,0.98
2009-10-25T12:00:00Z,5.125,73.075,0.0,30.0,1.73
2009-11-01T12:00:00Z,5.125,73.075,0.0,29.62,1.36
2009-11-08T12:00:00Z,5.125,73.075,0.0,29.51,1.25
2009-11-15T12:00:00Z,5.125,73.075,0.0,29.23,0.97
2009-11-22T12:00:00Z,5.125,73.075,0.0,29.22,1.0
2009-11-29T12:00:00Z,5.125,73.075,0.0,29.22,1.03
2009-12-06T12:00:00Z,5.125,73.075,0.0,29.43,1.28
2009-12-13T12:00:00Z,5.125,73.075,0.0,29.04,0.93
2009-12-20T12:00:00Z,5.125,73.075,0.0,28.87,0.78
2009-12-27T12:00:00Z,5.125,73.075,0.0,28.63,0.56
2010-01-03T12:00:00Z,5.125,73.075,0.0,28.66,0.61
2010-01-10T12:00:00Z,5.125,73.075,0.0,28.28,0.25
2010-01-17T12:00:00Z,5.125,73.075,0.0,28.61,0.58
2010-01-24T12:00:00Z,5.125,73.075,0.0,28.51,0.43
2010-01-31T12:00:00Z,5.125,73.075,0.0,28.45,0.33
2010-02-07T12:00:00Z,5.125,73.075,0.0,28.25,0.08
2010-02-14T12:00:00Z,5.125,73.075,0.0,28.67,0.46
2010-02-21T12:00:00Z,5.125,73.075,0.0,29.02,0.64
2010-02-28T12:00:00Z,5.125,73.075,0.0,29.09,0.53
2010-03-07T12:00:00Z,5.125,73.075,0.0,29.37,0.62
2010-03-14T12:00:00Z,5.125,73.075,0.0,29.29,0.36
2010-03-21T12:00:00Z,5.125,73.075,0.0,29.68,0.58
2010-03-28T12:00:00Z,5.125,73.075,0.0,30.16,0.89
2010-04-04T12:00:00Z,5.125,73.075,0.0,29.97,0.53
2010-04-11T12:00:00Z,5.125,73.075,0.16,30.560000000000002,0.96
2010-04-18T12:00:00Z,5.125,73.075,0.16,30.42,0.72
2010-04-25T12:00:00Z,5.125,73.075,0.16,30.150000000000002,0.45
2010-05-02T12:00:00Z,5.125,73.075,0.32,30.63,0.9400000000000001
2010-05-09T12:00:00Z,5.125,73.075,1.1400000000000001,30.77,1.08
2010-05-16T12:00:00Z,5.125,73.075,1.29,30.12,0.47000000000000003
2010-05-23T12:00:00Z,5.125,73.075,1.29,29.560000000000002,0.15
2010-05-30T12:00:00Z,5.125,73.075,1.29,29.42,0.26
2010-06-06T12:00:00Z,5.125,73.075,1.29,29.53,0.62
2010-06-13T12:00:00Z,5.125,73.075,1.29,29.150000000000002,0.49
2010-06-20T12:00:00Z,5.125,73.075,1.29,29.740000000000002,1.19
2010-06-27T12:00:00Z,5.125,73.075,1.29,29.63,1.1400000000000001
2010-07-04T12:00:00Z,5.125,73.075,1.1300000000000001,29.150000000000002,0.71
2010-07-11T12:00:00Z,5.125,73.075,1.1300000000000001,28.75,0.37
2010-07-18T12:00:00Z,5.125,73.075,1.1300000000000001,28.88,0.52
2010-07-25T12:00:00Z,5.125,73.075,0.97,28.650000000000002,0.27
2010-08-01T12:00:00Z,5.125,73.075,0.15,28.75,0.35000000000000003
2010-08-08T12:00:00Z,5.125,73.075,0.0,28.900000000000002,0.48
2010-08-15T12:00:00Z,5.125,73.075,0.0,28.03,-0.41000000000000003
2010-08-22T12:00:00Z,5.125,73.075,0.0,28.37,-0.02
2010-08-29T12:00:00Z,5.125,73.075,0.0,28.71,0.37
2010-09-05T12:00:00Z,5.125,73.075,0.0,28.85,0.56
2010-09-12T12:00:00Z,5.125,73.075,0.0,28.84,0.6
2010-09-19T12:00:00Z,5.125,73.075,0.0,28.330000000000002,0.1
2010-09-26T12:00:00Z,5.125,73.075,0.0,28.04,-0.2
2010-10-03T12:00:00Z,5.125,73.075,0.0,27.8,-0.45
2010-10-10T12:00:00Z,5.125,73.075,0.0,28.04,-0.22
2010-10-17T12:00:00Z,5.125,73.075,0.0,28.150000000000002,-0.12
2010-10-24T12:00:00Z,5.125,73.075,0.0,28.42,0.15
2010-10-31T12:00:00Z,5.125,73.075,0.0,28.07,-0.19
2010-11-07T12:00:00Z,5.125,73.075,0.0,28.01,-0.25
2010-11-14T12:00:00Z,5.125,73.075,0.0,28.16,-0.1
2010-11-21T12:00:00Z,5.125,73.075,0.0,28.52,0.29
2010-11-28T12:00:00Z,5.125,73.075,0.0,28.38,0.19
2010-12-05T12:00:00Z,5.125,73.075,0.0,28.09,-0.06
2010-12-12T12:00:00Z,5.125,73.075,0.0,27.57,-0.55
2010-12-19T12:00:00Z,5.125,73.075,0.0,28.05,-0.04
2010-12-26T12:00:00Z,5.125,73.075,0.0,28.1,0.03
2011-01-02T12:00:00Z,5.125,73.075,0.0,28.17,0.12
2011-01-09T12:00:00Z,5.125,73.075,0.0,28.17,0.13
2011-01-16T12:00:00Z,5.125,73.075,0.0,28.1,0.07
2011-01-23T12:00:00Z,5.125,73.075,0.0,27.6,-0.47000000000000003
2011-01-30T12:00:00Z,5.125,73.075,0.0,27.8,-0.32
2011-02-06T12:00:00Z,5.125,73.075,0.0,27.46,-0.7000000000000001
2011-02-13T12:00:00Z,5.125,73.075,0.0,27.27,-0.9400000000000001
2011-02-20T12:00:00Z,5.125,73.075,0.0,27.98,-0.37
2011-02-27T12:00:00Z,5.125,73.075,0.0,28.45,-0.09
2011-03-06T12:00:00Z,5.125,73.075,0.0,28.400000000000002,-0.32
2011-03-13T12:00:00Z,5.125,73.075,0.0,28.66,-0.25
2011-03-20T12:00:00Z,5.125,73.075,0.0,29.21,0.13
2011-03-27T12:00:00Z,5.125,73.075,0.0,29.35,0.1
2011-04-03T12:00:00Z,5.125,73.075,0.0,29.46,0.05
2011-04-10T12:00:00Z,5.125,73.075,0.0,29.71,0.13
2011-04-17T12:00:00Z,5.125,73.075,0.0,29.78,0.08
2011-04-24T12:00:00Z,5.125,73.075,0.0,29.79,0.09
2011-05-01T12:00:00Z,5.125,73.075,0.0,29.19,-0.5
2011-05-08T12:00:00Z,5.125,73.075,0.0,29.2,-0.49
2011-05-15T12:00:00Z,5.125,73.075,0.0,29.26,-0.43
2011-05-22T12:00:00Z,5.125,73.075,0.0,29.580000000000002,0.14
2011-05-29T12:00:00Z,5.125,73.075,0.0,28.71,-0.48
2011-06-05T12:00:00Z,5.125,73.075,0.0,28.67,-0.27
2011-06-12T12:00:00Z,5.125,73.075,0.0,29.07,0.37
2011-06-19T12:00:00Z,5.125,73.075,0.0,29.21,0.65
2011-06-26T12:00:00Z,5.125,73.075,0.0,29.1,0.6
2011-07-03T12:00:00Z,5.125,73.075,0.0,28.88,0.43
2011-07-10T12:00:00Z,5.125,73.075,0.0,28.87,0.48
2011-07-17T12:00:00Z,5.125,73.075,0.0,28.36,0.0
2011-07-24T12:00:00Z,5.125,73.075,0.0,28.36,-0.02
2011-07-31T12:00:00Z,5.125,73.075,0.0,28.830000000000002,0.43
2011-08-07T12:00:00Z,5.125,73.075,0.0,28.93,0.51
2011-08-14T12:00:00Z,5.125,73.075,0.0,28.93,0.49
2011-08-21T12:00:00Z,5.125,73.075,0.0,28.62,0.22
2011-08-28T12:00:00Z,5.125,73.075,0.0,28.91,0.56
2011-09-04T12:00:00Z,5.125,73.075,0.0,28.88,0.58
2011-09-11T12:00:00Z,5.125,73.075,0.0,28.89,0.64
2011-09-18T12:00:00Z,5.125,73.075,0.0,28.78,0.56
2011-09-25T12:00:00Z,5.125,73.075,0.0,29.34,1.1
2011-10-02T12:00:00Z,5.125,73.075,0.0,29.47,1.22
2011-10-09T12:00:00Z,5.125,73.075,0.0,29.48,1.22
2011-10-16T12:00:00Z,5.125,73.075,0.0,29.01,0.74
2011-10-23T12:00:00Z,5.125,73.075,0.0,29.060000000000002,0.79
2011-10-30T12:00:00Z,5.125,73.075,0.0,29.12,0.85
2011-11-06T12:00:00Z,5.125,73.075,0.0,29.150000000000002,0.89
2011-11-13T12:00:00Z,5.125,73.075,0.0,29.1,0.84
2011-11-20T12:00:00Z,5.125,73.075,0.0,28.97,0.74
2011-11-27T12:00:00Z,5.125,73.075,0.0,28.6,0.4
2011-12-04T12:00:00Z,5.125,73.075,0.0,29.080000000000002,0.92
2011-12-11T12:00:00Z,5.125,73.075,0.0,28.73,0.61
2011-12-18T12:00:00Z,5.125,73.075,0.0,28.73,0.64
2011-12-25T12:00:00Z,5.125,73.075,0.0,28.23,0.16
2012-01-01T12:00:00Z,5.125,73.075,0.0,28.07,0.01
2012-01-08T12:00:00Z,5.125,73.075,0.0,28.03,-0.01
2012-01-15T12:00:00Z,5.125,73.075,0.0,28.01,-0.01
2012-01-22T12:00:00Z,5.125,73.075,0.0,28.13,0.06
2012-01-29T12:00:00Z,5.125,73.075,0.0,27.57,-0.54
2012-02-05T12:00:00Z,5.125,73.075,0.0,28.03,-0.13
2012-02-12T12:00:00Z,5.125,73.075,0.0,28.12,-0.08
2012-02-19T12:00:00Z,5.125,73.075,0.0,28.62,0.3
2012-02-26T12:00:00Z,5.125,73.075,0.0,28.990000000000002,0.49
2012-03-04T12:00:00Z,5.125,73.075,0.0,28.67,-0.01
2012-03-11T12:00:00Z,5.125,73.075,0.0,28.400000000000002,-0.46
2012-03-18T12:00:00Z,5.125,73.075,0.0,29.16,0.13
2012-03-25T12:00:00Z,5.125,73.075,0.0,29.240000000000002,0.04
2012-04-01T12:00:00Z,5.125,73.075,0.0,29.26,-0.11
2012-04-08T12:00:00Z,5.125,73.075,0.0,29.740000000000002,0.21
2012-04-15T12:00:00Z,5.125,73.075,0.0,29.86,0.16
2012-04-22T12:00:00Z,5.125,73.075,0.0,29.54,-0.16
2012-04-29T12:00:00Z,5.125,73.075,0.0,29.22,-0.48
2012-05-06T12:00:00Z,5.125,73.075,0.0,29.54,-0.15
2012-05-13T12:00:00Z,5.125,73.075,0.0,29.59,-0.1
2012-05-20T12:00:00Z,5.125,73.075,0.0,29.46,-0.05
2012-05-27T12:00:00Z,5.125,73.075,0.0,29.060000000000002,-0.2
2012-06-03T12:00:00Z,5.125,73.075,0.0,29.41,0.39
2012-06-10T12:00:00Z,5.125,73.075,0.0,28.830000000000002,0.06
2012-06-17T12:00:00Z,5.125,73.075,0.0,29.05,0.48
2012-06-24T12:00:00Z,5.125,73.075,0.0,29.0,0.48
2012-07-01T12:00:00Z,5.125,73.075,0.0,29.400000000000002,0.9400000000000001
2012-07-08T12:00:00Z,5.125,73.075,0.0,29.0,0.59
2012-07-15T12:00:00Z,5.125,73.075,0.0,29.29,0.9400000000000001
2012-07-22T12:00:00Z,5.125,73.075,0.0,29.09,0.72
2012-07-29T12:00:00Z,5.125,73.075,0.0,28.59,0.2
2012-08-05T12:00:00Z,5.125,73.075,0.0,29.0,0.59
2012-08-12T12:00:00Z,5.125,73.075,0.0,29.560000000000002,1.1300000000000001
2012-08-19T12:00:00Z,5.125,73.075,0.0,28.830000000000002,0.42
2012-08-26T12:00:00Z,5.125,73.075,0.0,28.62,0.26
2012-09-02T12:00:00Z,5.125,73.075,0.0,29.11,0.8
2012-09-09T12:00:00Z,5.125,73.075,0.0,28.76,0.5
2012-09-16T12:00:00Z,5.125,73.075,0.0,29.330000000000002,1.11
2012-09-23T12:00:00Z,5.125,73.075,0.0,29.060000000000002,0.8300000000000001
2012-09-30T12:00:00Z,5.125,73.075,0.0,28.98,0.74
2012-10-07T12:00:00Z,5.125,73.075,0.0,29.72,1.46
2012-10-14T12:00:00Z,5.125,73.075,0.0,29.34,1.07
2012-10-21T12:00:00Z,5.125,73.075,0.0,29.3,1.03
2012-10-28T12:00:00Z,5.125,73.075,0.0,29.01,0.74
2012-11-04T12:00:00Z,5.125,73.075,0.0,28.37,0.11
2012-11-11T12:00:00Z,5.125,73.075,0.0,29.03,0.77
2012-11-18T12:00:00Z,5.125,73.075,0.0,29.45,1.21
2012-11-25T12:00:00Z,5.125,73.075,0.0,29.560000000000002,1.35
2012-12-02T12:00:00Z,5.125,73.075,0.0,28.97,0.8
2012-12-09T12:00:00Z,5.125,73.075,0.0,28.77,0.64
2012-12-16T12:00:00Z,5.125,73.075,0.0,28.44,0.34
2012-12-23T12:00:00Z,5.125,73.075,0.0,27.8,-0.28
2012-12-30T12:00:00Z,5.125,73.075,0.0,27.95,-0.11
2013-01-06T12:00:00Z,5.125,73.075,0.0,28.48,0.44
2013-01-13T12:00:00Z,5.125,73.075,0.0,28.42,0.39
2013-01-20T12:00:00Z,5.125,73.075,0.0,28.16,0.11
2013-01-27T12:00:00Z,5.125,73.075,0.0,28.34,0.24
2013-02-03T12:00:00Z,5.125,73.075,0.0,28.2,0.06
2013-02-10T12:00:00Z,5.125,73.075,0.0,28.6,0.41000000000000003
2013-02-17T12:00:00Z,5.125,73.075,0.0,28.5,0.23
2013-02-24T12:00:00Z,5.125,73.075,0.0,28.7,0.24
2013-03-03T12:00:00Z,5.125,73.075,0.0,29.03,0.39
2013-03-10T12:00:00Z,5.125,73.075,0.0,29.43,0.6
2013-03-17T12:00:00Z,5.125,73.075,0.0,29.37,0.36
2013-03-24T12:00:00Z,5.125,73.075,0.0,29.78,0.61
2013-03-31T12:00:00Z,5.125,73.075,0.0,29.61,0.27
2013-04-07T12:00:00Z,5.125,73.075,0.0,29.86,0.35000000000000003
2013-04-14T12:00:00Z,5.125,73.075,0.0,30.26,0.58
2013-04-21T12:00:00Z,5.125,73.075,0.15,30.27,0.5700000000000001
2013-04-28T12:00:00Z,5.125,73.075,0.15,30.35,0.65
2013-05-05T12:00:00Z,5.125,73.075,0.15,29.14,-0.55
2013-05-12T12:00:00Z,5.125,73.075,0.15,29.22,-0.47000000000000003
2013-05-19T12:00:00Z,5.125,73.075,0.15,28.82,-0.73
2013-05-26T12:00:00Z,5.125,73.075,0.15,29.36,0.06
2013-06-02T12:00:00Z,5.125,73.075,0.15,28.89,-0.16
2013-06-09T12:00:00Z,5.125,73.075,0.15,28.400000000000002,-0.4
2013-06-16T12:00:00Z,5.125,73.075,0.15,27.97,-0.61
2013-06-23T12:00:00Z,5.125,73.075,0.15,28.310000000000002,-0.22
2013-06-30T12:00:00Z,5.125,73.075,0.15,28.55,0.08
2013-07-07T12:00:00Z,5.125,73.075,0.15,28.21,-0.2
2013-07-14T12:00:00Z,5.125,73.075,0.0,28.53,0.17
2013-07-21T12:00:00Z,5.125,73.075,0.0,28.560000000000002,0.19
2013-07-28T12:00:00Z,5.125,73.075,0.0,28.740000000000002,0.35000000000000003
2013-08-04T12:00:00Z,5.125,73.075,0.0,27.97,-0.44
2013-08-11T12:00:00Z,5.125,73.075,0.0,28.55,0.12
2013-08-18T12:00:00Z,5.125,73.075,0.0,28.67,0.25
2013-08-25T12:00:00Z,5.125,73.075,0.0,28.03,-0.34
2013-09-01T12:00:00Z,5.125,73.075,0.0,28.16,-0.16
2013-09-08T12:00:00Z,5.125,73.075,0.0,28.400000000000002,0.13
2013-09-15T12:00:00Z,5.125,73.075,0.0,28.39,0.17
2013-09-22T12:00:00Z,5.125,73.075,0.0,28.38,0.15
2013-09-29T12:00:00Z,5.125,73.075,0.0,28.97,0.73
2013-10-06T12:00:00Z,5.125,73.075,0.0,29.1,0.85
2013-10-13T12:00:00Z,5.125,73.075,0.0,28.89,0.62
2013-10-20T12:00:00Z,5.125,73.075,0.0,28.88,0.61
2013-10-27T12:00:00Z,5.125,73.075,0.0,28.68,0.41000000000000003
2013-11-03T12:00:00Z,5.125,73.075,0.0,28.94,0.68
2013-11-10T12:00:00Z,5.125,73.075,0.0,28.740000000000002,0.48
2013-11-17T12:00:00Z,5.125,73.075,0.0,28.63,0.38
2013-11-24T12:00:00Z,5.125,73.075,0.0,29.490000000000002,1.28
2013-12-01T12:00:00Z,5.125,73.075,0.0,28.8,0.63
2013-12-08T12:00:00Z,5.125,73.075,0.0,28.93,0.79
2013-12-15T12:00:00Z,5.125,73.075,0.0,28.59,0.49
2013-12-22T12:00:00Z,5.125,73.075,0.0,28.47,0.39
2013-12-29T12:00:00Z,5.125,73.075,0.0,27.71,-0.35000000000000003
2014-01-05T12:00:00Z,5.125,73.075,0.0,28.13,0.08
2014-01-12T12:00:00Z,5.125,73.075,0.0,28.37,0.34
2014-01-19T12:00:00Z,5.125,73.075,0.0,28.32,0.27
2014-01-26T12:00:00Z,5.125,73.075,0.0,27.8,-0.29
2014-02-02T12:00:00Z,5.125,73.075,0.0,27.92,-0.22
2014-02-09T12:00:00Z,5.125,73.075,0.0,28.27,0.09
2014-02-16T12:00:00Z,5.125,73.075,0.0,28.12,-0.13
2014-02-23T12:00:00Z,5.125,73.075,0.0,28.59,0.16
2014-03-02T12:00:00Z,5.125,73.075,0.0,28.77,0.15
2014-03-09T12:00:00Z,5.125,73.075,0.0,28.8,0.0
2014-03-16T12:00:00Z,5.125,73.075,0.0,28.47,-0.51
2014-03-23T12:00:00Z,5.125,73.075,0.0,29.2,0.05
2014-03-30T12:00:00Z,5.125,73.075,0.0,29.310000000000002,-0.01
2014-04-06T12:00:00Z,5.125,73.075,0.0,29.560000000000002,0.07
2014-04-13T12:00:00Z,5.125,73.075,0.0,29.560000000000002,-0.09
2014-04-20T12:00:00Z,5.125,73.075,0.0,29.6,-0.1
2014-04-27T12:00:00Z,5.125,73.075,0.0,30.150000000000002,0.45
2014-05-04T12:00:00Z,5.125,73.075,0.0,30.05,0.36
2014-05-11T12:00:00Z,5.125,73.075,0.0,30.25,0.56
2014-05-18T12:00:00Z,5.125,73.075,0.0,30.04,0.46
2014-05-25T12:00:00Z,5.125,73.075,0.0,29.62,0.28
2014-06-01T12:00:00Z,5.125,73.075,0.0,29.22,0.13
2014-06-08T12:00:00Z,5.125,73.075,0.0,29.38,0.54
2014-06-15T12:00:00Z,5.125,73.075,0.0,29.13,0.54
2014-06-22T12:00:00Z,5.125,73.075,0.0,29.27,0.74
2014-06-29T12:00:00Z,5.125,73.075,0.0,28.96,0.48
2014-07-06T12:00:00Z,5.125,73.075,0.0,28.72,0.3
2014-07-13T12:00:00Z,5.125,73.075,0.0,28.73,0.36
2014-07-20T12:00:00Z,5.125,73.075,0.0,28.77,0.41000000000000003
2014-07-27T12:00:00Z,5.125,73.075,0.0,29.05,0.67
2014-08-03T12:00:00Z,5.125,73.075,0.0,28.61,0.2
2014-08-10T12:00:00Z,5.125,73.075,0.0,28.580000000000002,0.15
2014-08-17T12:00:00Z,5.125,73.075,0.0,28.92,0.49
2014-08-24T12:00:00Z,5.125,73.075,0.0,28.57,0.19
2014-08-31T12:00:00Z,5.125,73.075,0.0,28.53,0.2
2014-09-07T12:00:00Z,5.125,73.075,0.0,28.560000000000002,0.28
2014-09-14T12:00:00Z,5.125,73.075,0.0,29.02,0.79
2014-09-21T12:00:00Z,5.125,73.075,0.0,28.560000000000002,0.33
2014-09-28T12:00:00Z,5.125,73.075,0.0,29.240000000000002,1.0
2014-10-05T12:00:00Z,5.125,73.075,0.0,29.330000000000002,1.08
2014-10-12T12:00:00Z,5.125,73.075,0.0,28.560000000000002,0.3
2014-10-19T12:00:00Z,5.125,73.075,0.0,28.96,0.6900000000000001
2014-10-26T12:00:00Z,5.125,73.075,0.0,29.19,0.92
2014-11-02T12:00:00Z,5.125,73.075,0.0,28.76,0.5
2014-11-09T12:00:00Z,5.125,73.075,0.0,28.8,0.54
2014-11-16T12:00:00Z,5.125,73.075,0.0,28.98,0.73
2014-11-23T12:00:00Z,5.125,73.075,0.0,28.59,0.37
2014-11-30T12:00:00Z,5.125,73.075,0.0,28.75,0.5700000000000001
2014-12-07T12:00:00Z,5.125,73.075,0.0,28.79,0.65
2014-12-14T12:00:00Z,5.125,73.075,0.0,28.8,0.6900000000000001
2014-12-21T12:00:00Z,5.125,73.075,0.0,28.43,0.35000000000000003
2014-12-28T12:00:00Z,5.125,73.075,0.0,28.6,0.53
2015-01-04T12:00:00Z,5.125,73.075,0.0,28.54,0.49
2015-01-11T12:00:00Z,5.125,73.075,0.0,28.67,0.64
2015-01-18T12:00:00Z,5.125,73.075,0.0,28.14,0.1
2015-01-25T12:00:00Z,5.125,73.075,0.0,27.89,-0.19
2015-02-01T12:00:00Z,5.125,73.075,0.0,28.150000000000002,0.02
2015-02-08T12:00:00Z,5.125,73.075,0.0,28.580000000000002,0.41000000000000003
2015-02-15T12:00:00Z,5.125,73.075,0.0,28.44,0.22
2015-02-22T12:00:00Z,5.125,73.075,0.0,28.51,0.11
2015-03-01T12:00:00Z,5.125,73.075,0.0,29.28,0.6900000000000001
2015-03-08T12:00:00Z,5.125,73.075,0.0,28.98,0.21
2015-03-15T12:00:00Z,5.125,73.075,0.0,29.63,0.67
2015-03-22T12:00:00Z,5.125,73.075,0.0,29.6,0.47000000000000003
2015-03-29T12:00:00Z,5.125,73.075,0.0,29.69,0.4
2015-04-05T12:00:00Z,5.125,73.075,0.0,30.1,0.64
2015-04-12T12:00:00Z,5.125,73.075,0.14,30.71,1.08
2015-04-19T12:00:00Z,5.125,73.075,0.14,30.23,0.53
2015-04-26T12:00:00Z,5.125,73.075,0.14,30.46,0.76
2015-05-03T12:00:00Z,5.125,73.075,0.3,30.400000000000002,0.71
2015-05-10T12:00:00Z,5.125,73.075,0.3,30.330000000000002,0.64
2015-05-17T12:00:00Z,5.125,73.075,0.3,29.82,0.2
2015-05-24T12:00:00Z,5.125,73.075,0.3,29.72,0.35000000000000003
2015-05-31T12:00:00Z,5.125,73.075,0.3,29.87,0.75
2015-06-07T12:00:00Z,5.125,73.075,0.3,29.35,0.48
2015-06-14T12:00:00Z,5.125,73.075,0.3,29.37,0.74
2015-06-21T12:00:00Z,5.125,73.075,0.3,29.67,1.1300000000000001
2015-06-28T12:00:00Z,5.125,73.075,0.3,29.11,0.62
2015-07-05T12:00:00Z,5.125,73.075,0.16,29.73,1.3
2015-07-12T12:00:00Z,5.125,73.075,0.16,29.580000000000002,1.21
2015-07-19T12:00:00Z,5.125,73.075,0.16,28.45,0.09
2015-07-26T12:00:00Z,5.125,73.075,0.0,28.67,0.29
2015-08-02T12:00:00Z,5.125,73.075,0.0,29.36,0.96
2015-08-09T12:00:00Z,5.125,73.075,0.0,29.63,1.21
2015-08-16T12:00:00Z,5.125,73.075,0.0,29.44,1.01
2015-08-23T12:00:00Z,5.125,73.075,0.0,29.54,1.16
2015-08-30T12:00:00Z,5.125,73.075,0.0,29.060000000000002,0.73
2015-09-06T12:00:00Z,5.125,73.075,0.0,29.51,1.23
2015-09-13T12:00:00Z,5.125,73.075,0.0,29.59,1.36
2015-09-20T12:00:00Z,5.125,73.075,0.0,28.97,0.74
2015-09-27T12:00:00Z,5.125,73.075,0.0,28.93,0.6900000000000001
2015-10-04T12:00:00Z,5.125,73.075,0.0,29.53,1.28
2015-10-11T12:00:00Z,5.125,73.075,0.0,29.44,1.18
2015-10-18T12:00:00Z,5.125,73.075,0.0,29.69,1.42
2015-10-25T12:00:00Z,5.125,73.075,0.0,29.14,0.87
2015-11-01T12:00:00Z,5.125,73.075,0.0,29.25,0.99
2015-11-08T12:00:00Z,5.125,73.075,0.0,28.73,0.47000000000000003
2015-11-15T12:00:00Z,5.125,73.075,0.0,29.27,1.01
2015-11-22T12:00:00Z,5.125,73.075,0.0,29.45,1.23
2015-11-29T12:00:00Z,5.125,73.075,0.0,29.47,1.28
2015-12-06T12:00:00Z,5.125,73.075,0.0,29.240000000000002,1.09
2015-12-13T12:00:00Z,5.125,73.075,0.0,29.55,1.44
2015-12-20T12:00:00Z,5.125,73.075,0.0,29.3,1.21
2015-12-27T12:00:00Z,5.125,73.075,0.0,28.830000000000002,0.76
2016-01-03T12:00:00Z,5.125,73.075,0.0,28.560000000000002,0.51
2016-01-10T12:00:00Z,5.125,73.075,0.0,28.41,0.38
2016-01-17T12:00:00Z,5.125,73.075,0.0,28.44,0.41000000000000003
2016-01-24T12:00:00Z,5.125,73.075,0.0,28.94,0.86
2016-01-31T12:00:00Z,5.125,73.075,0.0,28.900000000000002,0.78
2016-02-07T12:00:00Z,5.125,73.075,0.0,28.990000000000002,0.8200000000000001
2016-02-14T12:00:00Z,5.125,73.075,0.0,29.21,1.0
2016-02-21T12:00:00Z,5.125,73.075,0.0,29.52,1.1500000000000001
2016-02-28T12:00:00Z,5.125,73.075,0.0,29.7,1.1500000000000001
2016-03-06T12:00:00Z,5.125,73.075,0.0,29.37,0.64
2016-03-13T12:00:00Z,5.125,73.075,0.0,30.18,1.27
2016-03-20T12:00:00Z,5.125,73.075,0.0,30.04,0.96
2016-03-27T12:00:00Z,5.125,73.075,0.16,30.79,1.54
2016-04-03T12:00:00Z,5.125,73.075,0.6,30.740000000000002,1.33
2016-04-10T12:00:00Z,5.125,73.075,1.21,30.72,1.1400000000000001
2016-04-17T12:00:00Z,5.125,73.075,1.87,30.86,1.16
2016-04-24T12:00:00Z,5.125,73.075,2.34,30.51,0.81
2016-05-01T12:00:00Z,5.125,73.075,3.34,31.310000000000002,1.62
2016-05-08T12:00:00Z,5.125,73.075,4.83,31.02,1.33
2016-05-15T12:00:00Z,5.125,73.075,6.03,30.92,1.23
2016-05-22T12:00:00Z,5.125,73.075,6.17,30.29,0.85
2016-05-29T12:00:00Z,5.125,73.075,6.17,29.84,0.65
2016-06-05T12:00:00Z,5.125,73.075,6.17,30.1,1.16
2016-06-12T12:00:00Z,5.125,73.075,6.17,29.810000000000002,1.11
2016-06-19T12:00:00Z,5.125,73.075,6.01,29.490000000000002,0.93
2016-06-26T12:00:00Z,5.125,73.075,5.57,29.060000000000002,0.56
2016-07-03T12:00:00Z,5.125,73.075,4.96,29.16,0.71
2016-07-10T12:00:00Z,5.125,73.075,4.3,29.12,0.73
2016-07-17T12:00:00Z,5.125,73.075,3.83,28.89,0.53
2016-07-24T12:00:00Z,5.125,73.075,2.83,28.67,0.29
2016-07-31T12:00:00Z,5.125,73.075,1.34,28.82,0.42
2016-08-07T12:00:00Z,5.125,73.075,0.14,29.21,0.79
2016-08-14T12:00:00Z,5.125,73.075,0.0,28.78,0.34
2016-08-21T12:00:00Z,5.125,73.075,0.0,28.55,0.15
2016-08-28T12:00:00Z,5.125,73.075,0.0,28.740000000000002,0.39
2016-09-04T12:00:00Z,5.125,73.075,0.0,28.05,-0.25
2016-09-11T12:00:00Z,5.125,73.075,0.0,28.29,0.04
2016-09-18T12:00:00Z,5.125,73.075,0.0,28.41,0.19
2016-09-25T12:00:00Z,5.125,73.075,0.0,28.400000000000002,0.16
2016-10-02T12:00:00Z,5.125,73.075,0.0,28.62,0.37
2016-10-09T12:00:00Z,5.125,73.075,0.0,28.85,0.59
2016-10-16T12:00:00Z,5.125,73.075,0.0,28.76,0.49
2016-10-23T12:00:00Z,5.125,73.075,0.0,28.490000000000002,0.22
2016-10-30T12:00:00Z,5.125,73.075,0.0,28.52,0.25
2016-11-06T12:00:00Z,5.125,73.075,0.0,28.39,0.13
2016-11-13T12:00:00Z,5.125,73.075,0.0,28.67,0.41000000000000003
2016-11-20T12:00:00Z,5.125,73.075,0.0,28.5,0.27
2016-11-27T12:00:00Z,5.125,73.075,0.0,28.61,0.41000000000000003
2016-12-04T12:00:00Z,5.125,73.075,0.0,28.810000000000002,0.65
2016-12-11T12:00:00Z,5.125,73.075,0.0,28.98,0.86
2016-12-18T12:00:00Z,5.125,73.075,0.0,28.75,0.66
2016-12-25T12:00:00Z,5.125,73.075,0.0,28.6,0.53
2017-01-01T12:00:00Z,5.125,73.075,0.0,28.25,0.19
2017-01-08T12:00:00Z,5.125,73.075,0.0,28.17,0.13
2017-01-15T12:00:00Z,5.125,73.075,0.0,28.080000000000002,0.06
2017-01-22T12:00:00Z,5.125,73.075,0.0,28.330000000000002,0.26
2017-01-29T12:00:00Z,5.125,73.075,0.0,28.04,-0.07
2017-02-05T12:00:00Z,5.125,73.075,0.0,28.02,-0.14
2017-02-12T12:00:00Z,5.125,73.075,0.0,28.11,-0.09
2017-02-19T12:00:00Z,5.125,73.075,0.0,28.05,-0.28
2017-02-26T12:00:00Z,5.125,73.075,0.0,28.77,0.26
2017-03-05T12:00:00Z,5.125,73.075,0.0,28.43,-0.27
2017-03-12T12:00:00Z,5.125,73.075,0.0,28.990000000000002,0.11
2017-03-19T12:00:00Z,5.125,73.075,0.0,29.38,0.32
2017-03-26T12:00:00Z,5.125,73.075,0.0,29.54,0.32
2017-04-02T12:00:00Z,5.125,73.075,0.0,29.82,0.43
2017-04-09T12:00:00Z,5.125,73.075,0.0,29.78,0.22
2017-04-16T12:00:00Z,5.125,73.075,0.0,29.69,-0.01
2017-04-23T12:00:00Z,5.125,73.075,0.0,29.91,0.21
2017-04-30T12:00:00Z,5.125,73.075,0.0,29.68,-0.01
2017-05-07T12:00:00Z,5.125,73.075,0.0,30.17,0.48
2017-05-14T12:00:00Z,5.125,73.075,0.0,30.080000000000002,0.39
2017-05-21T12:00:00Z,5.125,73.075,0.0,29.97,0.49
2017-05-28T12:00:00Z,5.125,73.075,0.0,28.75,-0.48
2017-06-04T12:00:00Z,5.125,73.075,0.0,28.76,-0.22
2017-06-11T12:00:00Z,5.125,73.075,0.0,28.44,-0.29
2017-06-18T12:00:00Z,5.125,73.075,0.0,29.32,0.75
2017-06-25T12:00:00Z,5.125,73.075,0.0,29.11,0.6
2017-07-02T12:00:00Z,5.125,73.075,0.0,29.2,0.75
2017-07-09T12:00:00Z,5.125,73.075,0.0,28.96,0.56
2017-07-16T12:00:00Z,5.125,73.075,0.0,28.76,0.41000000000000003
2017-07-23T12:00:00Z,5.125,73.075,0.0,29.07,0.7000000000000001
2017-07-30T12:00:00Z,5.125,73.075,0.0,29.080000000000002,0.6900000000000001
2017-08-06T12:00:00Z,5.125,73.075,0.0,28.94,0.53
2017-08-13T12:00:00Z,5.125,73.075,0.0,28.87,0.44
2017-08-20T12:00:00Z,5.125,73.075,0.0,28.990000000000002,0.59
2017-08-27T12:00:00Z,5.125,73.075,0.0,28.46,0.11
2017-09-03T12:00:00Z,5.125,73.075,0.0,28.740000000000002,0.43
2017-09-10T12:00:00Z,5.125,73.075,0.0,28.36,0.1
2017-09-17T12:00:00Z,5.125,73.075,0.0,28.21,-0.01
2017-09-24T12:00:00Z,5.125,73.075,0.0,28.28,0.05
2017-10-01T12:00:00Z,5.125,73.075,0.0,28.85,0.6
2017-10-08T12:00:00Z,5.125,73.075,0.0,28.77,0.51
2017-10-15T12:00:00Z,5.125,73.075,0.0,28.400000000000002,0.13
2017-10-22T12:00:00Z,5.125,73.075,0.0,28.6,0.33
2017-10-29T12:00:00Z,5.125,73.075,0.0,29.28,1.01
2017-11-05T12:00:00Z,5.125,73.075,0.0,29.02,0.76
2017-11-12T12:00:00Z,5.125,73.075,0.0,29.39,1.1300000000000001
2017-11-19T12:00:00Z,5.125,73.075,0.0,29.28,1.04
2017-11-26T12:00:00Z,5.125,73.075,0.0,28.990000000000002,0.79
2017-12-03T12:00:00Z,5.125,73.075,0.0,28.04,-0.12
2017-12-10T12:00:00Z,5.125,73.075,0.0,28.66,0.53
2017-12-17T12:00:00Z,5.125,73.075,0.0,28.7,0.61
2017-12-24T12:00:00Z,5.125,73.075,0.0,28.88,0.8
2017-12-31T12:00:00Z,5.125,73.075,0.0,28.26,0.2
2018-01-07T12:00:00Z,5.125,73.075,0.0,28.32,0.28
2018-01-14T12:00:00Z,5.125,73.075,0.0,28.29,0.27
2018-01-21T12:00:00Z,5.125,73.075,0.0,28.03,-0.03
2018-01-28T12:00:00Z,5.125,73.075,0.0,28.0,-0.1
2018-02-04T12:00:00Z,5.125,73.075,0.0,27.76,-0.39
2018-02-11T12:00:00Z,5.125,73.075,0.0,28.37,0.18
2018-02-18T12:00:00Z,5.125,73.075,0.0,28.62,0.32
2018-02-25T12:00:00Z,5.125,73.075,0.0,28.42,-0.06
2018-03-04T12:00:00Z,5.125,73.075,0.0,28.59,-0.08
2018-03-11T12:00:00Z,5.125,73.075,0.0,29.11,0.26
2018-03-18T12:00:00Z,5.125,73.075,0.0,29.09,0.06
2018-03-25T12:00:00Z,5.125,73.075,0.0,28.71,-0.49
2018-04-01T12:00:00Z,5.125,73.075,0.0,29.35,-0.02
2018-04-08T12:00:00Z,5.125,73.075,0.0,29.97,0.44
2018-04-15T12:00:00Z,5.125,73.075,0.0,30.21,0.51
2018-04-22T12:00:00Z,5.125,73.075,0.0,30.1,0.4
2018-04-29T12:00:00Z,5.125,73.075,0.0,29.91,0.21
2018-05-06T12:00:00Z,5.125,73.075,0.0,29.97,0.28
2018-05-13T12:00:00Z,5.125,73.075,0.0,30.05,0.36
2018-05-20T12:00:00Z,5.125,73.075,0.0,29.48,-0.03
2018-05-27T12:00:00Z,5.125,73.075,0.0,28.650000000000002,-0.61
2018-06-03T12:00:00Z,5.125,73.075,0.0,28.7,-0.32
2018-06-10T12:00:00Z,5.125,73.075,0.0,28.59,-0.18
2018-06-17T12:00:00Z,5.125,73.075,0.0,28.66,0.09
2018-06-24T12:00:00Z,5.125,73.075,0.0,28.43,-0.09
2018-07-01T12:00:00Z,5.125,73.075,0.0,28.34,-0.12
2018-07-08T12:00:00Z,5.125,73.075,0.0,28.97,0.56
2018-07-15T12:00:00Z,5.125,73.075,0.0,28.96,0.61
2018-07-22T12:00:00Z,5.125,73.075,0.0,28.6,0.23
2018-07-29T12:00:00Z,5.125,73.075,0.0,28.34,-0.05
2018-08-05T12:00:00Z,5.125,73.075,0.0,28.54,0.13
2018-08-12T12:00:00Z,5.125,73.075,0.0,28.92,0.49
2018-08-19T12:00:00Z,5.125,73.075,0.0,28.580000000000002,0.17
2018-08-26T12:00:00Z,5.125,73.075,0.0,28.580000000000002,0.22
2018-09-02T12:00:00Z,5.125,73.075,0.0,28.77,0.46
2018-09-09T12:00:00Z,5.125,73.075,0.0,29.23,0.97
2018-09-16T12:00:00Z,5.125,73.075,0.0,29.25,1.03
2018-09-23T12:00:00Z,5.125,73.075,0.0,29.05,0.8200000000000001
2018-09-30T12:00:00Z,5.125,73.075,0.0,28.96,0.72
2018-10-07T12:00:00Z,5.125,73.075,0.0,28.560000000000002,0.3
2018-10-14T12:00:00Z,5.125,73.075,0.0,28.12,-0.15
2018-10-21T12:00:00Z,5.125,73.075,0.0,28.93,0.66
2018-10-28T12:00:00Z,5.125,73.075,0.0,28.91,0.64
2018-11-04T12:00:00Z,5.125,73.075,0.0,28.89,0.63
2018-11-11T12:00:00Z,5.125,73.075,0.0,29.0,0.74
2018-11-18T12:00:00Z,5.125,73.075,0.0,29.01,0.77
2018-11-25T12:00:00Z,5.125,73.075,0.0,29.38,1.17
2018-12-02T12:00:00Z,5.125,73.075,0.0,28.810000000000002,0.64
2018-12-09T12:00:00Z,5.125,73.075,0.0,28.82,0.6900000000000001
2018-12-16T12:00:00Z,5.125,73.075,0.0,28.91,0.81
2018-12-23T12:00:00Z,5.125,73.075,0.0,28.71,0.63
2018-12-30T12:00:00Z,5.125,73.075,0.0,28.66,0.6
2019-01-06T12:00:00Z,5.125,73.075,0.0,28.48,0.44
2019-01-13T12:00:00Z,5.125,73.075,0.0,28.1,0.07
2019-01-20T12:00:00Z,5.125,73.075,0.0,27.71,-0.34
2019-01-27T12:00:00Z,5.125,73.075,0.0,28.19,0.09
2019-02-03T12:00:00Z,5.125,73.075,0.0,28.21,0.07
2019-02-10T12:00:00Z,5.125,73.075,0.0,28.42,0.23
2019-02-17T12:00:00Z,5.125,73.075,0.0,28.43,0.16
2019-02-24T12:00:00Z,5.125,73.075,0.0,28.3,-0.16
2019-03-03T12:00:00Z,5.125,73.075,0.0,28.580000000000002,-0.06
2019-03-10T12:00:00Z,5.125,73.075,0.0,29.04,0.21
2019-03-17T12:00:00Z,5.125,73.075,0.0,29.46,0.45
2019-03-24T12:00:00Z,5.125,73.075,0.0,29.59,0.42
2019-03-31T12:00:00Z,5.125,73.075,0.0,30.02,0.68
2019-04-07T12:00:00Z,5.125,73.075,0.0,30.48,0.97
2019-04-14T12:00:00Z,5.125,73.075,0.0,30.490000000000002,0.81
2019-04-21T12:00:00Z,5.125,73.075,0.29,30.400000000000002,0.7000000000000001
2019-04-28T12:00:00Z,5.125,73.075,0.29,30.03,0.33
2019-05-05T12:00:00Z,5.125,73.075,0.29,29.92,0.23
2019-05-12T12:00:00Z,5.125,73.075,0.29,29.98,0.29
2019-05-19T12:00:00Z,5.125,73.075,0.29,30.330000000000002,0.78
2019-05-26T12:00:00Z,5.125,73.075,0.29,30.13,0.8300000000000001
2019-06-02T12:00:00Z,5.125,73.075,0.29,30.060000000000002,1.01
2019-06-09T12:00:00Z,5.125,73.075,0.29,29.22,0.42
2019-06-16T12:00:00Z,5.125,73.075,0.29,29.23,0.65
2019-06-23T12:00:00Z,5.125,73.075,0.29,29.22,0.6900000000000001
2019-06-30T12:00:00Z,5.125,73.075,0.29,29.43,0.96
2019-07-07T12:00:00Z,5.125,73.075,0.29,29.7,1.29
2019-07-14T12:00:00Z,5.125,73.075,0.0,29.47,1.11
2019-07-21T12:00:00Z,5.125,73.075,0.0,29.330000000000002,0.96
2019-07-28T12:00:00Z,5.125,73.075,0.0,29.02,0.63
2019-08-04T12:00:00Z,5.125,73.075,0.0,29.41,1.0
2019-08-11T12:00:00Z,5.125,73.075,0.0,29.330000000000002,0.9
2019-08-18T12:00:00Z,5.125,73.075,0.0,29.42,1.0
2019-08-25T12:00:00Z,5.125,73.075,0.0,29.2,0.8300000000000001
2019-09-01T12:00:00Z,5.125,73.075,0.0,29.16,0.84
2019-09-08T12:00:00Z,5.125,73.075,0.0,29.41,1.1400000000000001
2019-09-15T12:00:00Z,5.125,73.075,0.0,29.310000000000002,1.09
2019-09-22T12:00:00Z,5.125,73.075,0.0,29.34,1.11
2019-09-29T12:00:00Z,5.125,73.075,0.0,29.37,1.1300000000000001
2019-10-06T12:00:00Z,5.125,73.075,0.0,29.18,0.93
2019-10-13T12:00:00Z,5.125,73.075,0.0,29.46,1.19
2019-10-20T12:00:00Z,5.125,73.075,0.0,29.27,1.0
2019-10-27T12:00:00Z,5.125,73.075,0.0,29.66,1.3900000000000001
2019-11-03T12:00:00Z,5.125,73.075,0.0,29.45,1.19
2019-11-10T12:00:00Z,5.125,73.075,0.0,29.29,1.03
2019-11-17T12:00:00Z,5.125,73.075,0.0,29.43,1.18
2019-11-24T12:00:00Z,5.125,73.075,0.0,29.400000000000002,1.19
2019-12-01T12:00:00Z,5.125,73.075,0.0,29.11,0.9400000000000001
2019-12-08T12:00:00Z,5.125,73.075,0.0,28.96,0.8200000000000001
2019-12-15T12:00:00Z,5.125,73.075,0.0,28.900000000000002,0.8
2019-12-22T12:00:00Z,5.125,73.075,0.0,28.72,0.64
2019-12-29T12:00:00Z,5.125,73.075,0.0,28.66,0.6
2020-01-05T12:00:00Z,5.125,73.075,0.0,28.73,0.68
2020-01-12T12:00:00Z,5.125,73.075,0.0,28.72,0.6900000000000001
2020-01-19T12:00:00Z,5.125,73.075,0.0,28.6,0.55
2020-01-26T12:00:00Z,5.125,73.075,0.0,28.5,0.41000000000000003
2020-02-02T12:00:00Z,5.125,73.075,0.0,28.580000000000002,0.44
2020-02-09T12:00:00Z,5.125,73.075,0.0,28.830000000000002,0.65
2020-02-16T12:00:00Z,5.125,73.075,0.0,28.92,0.67
2020-02-23T12:00:00Z,5.125,73.075,0.0,28.560000000000002,0.14
2020-03-01T12:00:00Z,5.125,73.075,0.0,28.96,0.36
2020-03-08T12:00:00Z,5.125,73.075,0.0,29.44,0.66
2020-03-15T12:00:00Z,5.125,73.075,0.0,29.41,0.45
2020-03-22T12:00:00Z,5.125,73.075,0.0,29.68,0.55
2020-03-29T12:00:00Z,5.125,73.075,0.0,30.0,0.71
2020-04-05T12:00:00Z,5.125,73.075,0.0,30.28,0.8200000000000001
2020-04-12T12:00:00Z,5.125,73.075,0.0,30.61,0.98
2020-04-19T12:00:00Z,5.125,73.075,0.8300000000000001,30.79,1.09
2020-04-26T12:00:00Z,5.125,73.075,1.16,30.52,0.8200000000000001
2020-05-03T12:00:00Z,5.125,73.075,1.16,30.25,0.56
2020-05-10T12:00:00Z,5.125,73.075,1.16,30.48,0.79
2020-05-17T12:00:00Z,5.125,73.075,1.16,30.05,0.43
2020-05-24T12:00:00Z,5.125,73.075,1.16,29.53,0.16
2020-05-31T12:00:00Z,5.125,73.075,1.16,29.36,0.24
2020-06-07T12:00:00Z,5.125,73.075,1.16,29.13,0.26
2020-06-14T12:00:00Z,5.125,73.075,1.16,29.51,0.88
2020-06-21T12:00:00Z,5.125,73.075,1.16,29.28,0.74
2020-06-28T12:00:00Z,5.125,73.075,1.16,29.3,0.81
2020-07-05T12:00:00Z,5.125,73.075,1.16,29.53,1.1
2020-07-12T12:00:00Z,5.125,73.075,0.33,29.54,1.17
2020-07-19T12:00:00Z,5.125,73.075,0.0,29.26,0.9
2020-07-26T12:00:00Z,5.125,73.075,0.0,28.94,0.56
2020-08-02T12:00:00Z,5.125,73.075,0.0,28.78,0.38
2020-08-09T12:00:00Z,5.125,73.075,0.0,28.71,0.29
2020-08-16T12:00:00Z,5.125,73.075,0.0,29.150000000000002,0.72
2020-08-23T12:00:00Z,5.125,73.075,0.0,29.36,0.98
2020-08-30T12:00:00Z,5.125,73.075,0.0,29.36,1.03
2020-09-06T12:00:00Z,5.125,73.075,0.0,28.57,0.29
2020-09-13T12:00:00Z,5.125,73.075,0.0,28.57,0.34
2020-09-20T12:00:00Z,5.125,73.075,0.0,28.7,0.47000000000000003
2020-09-27T12:00:00Z,5.125,73.075,0.0,28.73,0.49
2020-10-04T12:00:00Z,5.125,73.075,0.0,28.94,0.6900000000000001
2020-10-11T12:00:00Z,5.125,73.075,0.0,28.79,0.53
2020-10-18T12:00:00Z,5.125,73.075,0.0,28.59,0.32
2020-10-25T12:00:00Z,5.125,73.075,0.0,28.62,0.35000000000000003
2020-11-01T12:00:00Z,5.125,73.075,0.0,28.96,0.7000000000000001
2020-11-08T12:00:00Z,5.125,73.075,0.0,29.48,1.22
2020-11-15T12:00:00Z,5.125,73.075,0.0,29.34,1.08
2020-11-22T12:00:00Z,5.125,73.075,0.0,29.27,1.05
2020-11-29T12:00:00Z,5.125,73.075,0.0,29.28,1.09
2020-12-06T12:00:00Z,5.125,73.075,0.0,29.240000000000002,1.09
2020-12-13T12:00:00Z,5.125,73.075,0.0,28.900000000000002,0.79
2020-12-20T12:00:00Z,5.125,73.075,0.0,29.150000000000002,1.06
2020-12-27T12:00:00Z,5.125,73.075,0.0,28.830000000000002,0.76
2021-01-03T12:00:00Z,5.125,73.075,0.0,28.5,0.45
2021-01-10T12:00:00Z,5.125,73.075,0.0,28.68,0.65
2021-01-17T12:00:00Z,5.125,73.075,0.0,28.82,0.79
2021-01-24T12:00:00Z,5.125,73.075,0.0,28.88,0.8
2021-01-31T12:00:00Z,5.125,73.075,0.0,28.67,0.55
2021-02-07T12:00:00Z,5.125,73.075,0.0,28.48,0.31
2021-02-14T12:00:00Z,5.125,73.075,0.0,28.57,0.36
2021-02-21T12:00:00Z,5.125,73.075,0.0,28.86,0.48
2021-02-28T12:00:00Z,5.125,73.075,0.0,28.97,0.41000000000000003
2021-03-07T12:00:00Z,5.125,73.075,0.0,29.27,0.52
2021-03-14T12:00:00Z,5.125,73.075,0.0,29.09,0.16
2021-03-21T12:00:00Z,5.125,73.075,0.0,29.400000000000002,0.3
2021-03-28T12:00:00Z,5.125,73.075,0.0,29.63,0.36
2021-04-04T12:00:00Z,5.125,73.075,0.0,29.69,0.25
2021-04-11T12:00:00Z,5.125,73.075,0.0,29.63,0.03
2021-04-18T12:00:00Z,5.125,73.075,0.0,29.96,0.26
2021-04-25T12:00:00Z,5.125,73.075,0.0,29.86,0.16
2021-05-02T12:00:00Z,5.125,73.075,0.0,30.35,0.66
2021-05-09T12:00:00Z,5.125,73.075,0.0,30.66,0.97
2021-05-16T12:00:00Z,5.125,73.075,0.0,29.830000000000002,0.18
2021-05-23T12:00:00Z,5.125,73.075,0.0,29.57,0.16
2021-05-30T12:00:00Z,5.125,73.075,0.0,29.17,0.01
2021-06-06T12:00:00Z,5.125,73.075,0.0,28.830000000000002,-0.08
2021-06-13T12:00:00Z,5.125,73.075,0.0,29.02,0.36
2021-06-20T12:00:00Z,5.125,73.075,0.0,29.01,0.46
2021-06-27T12:00:00Z,5.125,73.075,0.0,28.91,0.42
2021-07-04T12:00:00Z,5.125,73.075,0.0,28.67,0.23
2021-07-11T12:00:00Z,5.125,73.075,0.0,28.85,0.47000000000000003
2021-07-18T12:00:00Z,5.125,73.075,0.0,28.830000000000002,0.47000000000000003
2021-07-25T12:00:00Z,5.125,73.075,0.0,28.560000000000002,0.18
2021-08-01T12:00:00Z,5.125,73.075,0.0,28.91,0.51
2021-08-08T12:00:00Z,5.125,73.075,0.0,28.85,0.43
2021-08-15T12:00:00Z,5.125,73.075,0.0,28.740000000000002,0.3
2021-08-22T12:00:00Z,5.125,73.075,0.0,28.740000000000002,0.35000000000000003
2021-08-29T12:00:00Z,5.125,73.075,0.0,28.900000000000002,0.56
2021-09-05T12:00:00Z,5.125,73.075,0.0,28.740000000000002,0.45
2021-09-12T12:00:00Z,5.125,73.075,0.0,28.95,0.71
2021-09-19T12:00:00Z,5.125,73.075,0.0,28.900000000000002,0.67
2021-09-26T12:00:00Z,5.125,73.075,0.0,28.71,0.47000000000000003
2021-10-03T12:00:00Z,5.125,73.075,0.0,28.900000000000002,0.65
2021-10-10T12:00:00Z,5.125,73.075,0.0,28.8,0.54
2021-10-17T12:00:00Z,5.125,73.075,0.0,28.77,0.5
2021-10-24T12:00:00Z,5.125,73.075,0.0,28.72,0.45
2021-10-31T12:00:00Z,5.125,73.075,0.0,28.69,0.43
2021-11-07T12:00:00Z,5.125,73.075,0.0,28.72,0.46
2021-11-14T12:00:00Z,5.125,73.075,0.0,28.44,0.18
2021-11-21T12:00:00Z,5.125,73.075,0.0,28.07,-0.16
2021-11-28T12:00:00Z,5.125,73.075,0.0,28.19,0.0
2021-12-05T12:00:00Z,5.125,73.075,0.0,28.7,0.55
2021-12-12T12:00:00Z,5.125,73.075,0.0,28.77,0.65
2021-12-19T12:00:00Z,5.125,73.075,0.0,28.330000000000002,0.24
2021-12-26T12:00:00Z,5.125,73.075,0.0,28.52,0.45
2022-01-02T12:00:00Z,5.125,73.075,0.0,28.55,0.5
2022-01-09T12:00:00Z,5.125,73.075,0.0,28.63,0.59
2022-01-16T12:00:00Z,5.125,73.075,0.0,28.77,0.74
2022-01-23T12:00:00Z,5.125,73.075,0.0,28.73,0.66
2022-01-30T12:00:00Z,5.125,73.075,0.0,28.75,0.63
2022-02-06T12:00:00Z,5.125,73.075,0.0,28.900000000000002,0.74
2022-02-13T12:00:00Z,5.125,73.075,0.0,28.830000000000002,0.62
2022-02-20T12:00:00Z,5.125,73.075,0.0,28.830000000000002,0.48
2022-02-27T12:00:00Z,5.125,73.075,0.0,28.89,0.35000000000000003
2022-03-06T12:00:00Z,5.125,73.075,0.0,28.990000000000002,0.27
2022-03-13T12:00:00Z,5.125,73.075,0.0,29.09,0.18
2022-03-20T12:00:00Z,5.125,73.075,0.0,29.14,0.06
2022-03-27T12:00:00Z,5.125,73.075,0.0,29.59,0.34
2022-04-03T12:00:00Z,5.125,73.075,0.0,29.89,0.48
2022-04-10T12:00:00Z,5.125,73.075,0.0,30.11,0.53
2022-04-17T12:00:00Z,5.125,73.075,0.0,30.03,0.33
2022-04-24T12:00:00Z,5.125,73.075,0.0,30.27,0.5700000000000001
2022-05-01T12:00:00Z,5.125,73.075,0.0,29.94,0.25
2022-05-08T12:00:00Z,5.125,73.075,0.0,29.8,0.11
2022-05-15T12:00:00Z,5.125,73.075,0.0,29.35,-0.34
2022-05-22T12:00:00Z,5.125,73.075,0.0,28.97,-0.47000000000000003
2022-05-29T12:00:00Z,5.125,73.075,0.0,28.94,-0.25
2022-06-05T12:00:00Z,5.125,73.075,0.0,28.66,-0.28
2022-06-12T12:00:00Z,5.125,73.075,0.0,28.61,-0.09
2022-06-19T12:00:00Z,5.125,73.075,0.0,29.240000000000002,0.68
2022-06-26T12:00:00Z,5.125,73.075,0.0,29.12,0.62
2022-07-03T12:00:00Z,5.125,73.075,0.0,29.240000000000002,0.79
2022-07-10T12:00:00Z,5.125,73.075,0.0,28.740000000000002,0.35000000000000003
2022-07-17T12:00:00Z,5.125,73.075,0.0,28.92,0.56
2022-07-24T12:00:00Z,5.125,73.075,0.0,28.63,0.25
2022-07-31T12:00:00Z,5.125,73.075,0.0,28.46,0.06
2022-08-07T12:00:00Z,5.125,73.075,0.0,28.03,-0.39
2022-08-14T12:00:00Z,5.125,73.075,0.0,28.080000000000002,-0.36
2022-08-21T12:00:00Z,5.125,73.075,0.0,28.75,0.35000000000000003
2022-08-28T12:00:00Z,5.125,73.075,0.0,28.34,-0.01
2022-09-04T12:00:00Z,5.125,73.075,0.0,27.73,-0.5700000000000001
2022-09-11T12:00:00Z,5.125,73.075,0.0,27.72,-0.53
2022-09-18T12:00:00Z,5.125,73.075,0.0,28.52,0.3
2022-09-25T12:00:00Z,5.125,73.075,0.0,28.96,0.72
2022-10-02T12:00:00Z,5.125,73.075,0.0,28.36,0.11
2022-10-09T12:00:00Z,5.125,73.075,0.0,28.23,-0.03
2022-10-16T12:00:00Z,5.125,73.075,0.0,27.97,-0.3
2022-10-23T12:00:00Z,5.125,73.075,0.0,28.060000000000002,-0.21
2022-10-30T12:00:00Z,5.125,73.075,0.0,28.26,-0.01
2022-11-06T12:00:00Z,5.125,73.075,0.0,28.32,0.06
2022-11-13T12:00:00Z,5.125,73.075,0.0,28.34,0.08
2022-11-20T12:00:00Z,5.125,73.075,0.0,28.23,0.0
2022-11-27T12:00:00Z,5.125,73.075,0.0,28.64,0.44
2022-12-04T12:00:00Z,5.125,73.075,0.0,28.3,0.14
2022-12-11T12:00:00Z,5.125,73.075,0.0,28.330000000000002,0.21
2022-12-18T12:00:00Z,5.125,73.075,0.0,28.54,0.45
2022-12-25T12:00:00Z,5.125,73.075,0.0,27.98,-0.09
2023-01-01T12:00:00Z,5.125,73.075,0.0,28.12,0.06
2023-01-08T12:00:00Z,5.125,73.075,0.0,27.96,-0.08
2023-01-15T12:00:00Z,5.125,73.075,0.0,27.73,-0.29
2023-01-22T12:00:00Z,5.125,73.075,0.0,27.82,-0.25
2023-01-29T12:00:00Z,5.125,73.075,0.0,27.87,-0.24
2023-02-05T12:00:00Z,5.125,73.075,0.0,28.3,0.14
2023-02-12T12:00:00Z,5.125,73.075,0.0,28.39,0.19
2023-02-19T12:00:00Z,5.125,73.075,0.0,28.080000000000002,-0.25
2023-02-26T12:00:00Z,5.125,73.075,0.0,28.41,-0.1
2023-03-05T12:00:00Z,5.125,73.075,0.0,28.42,-0.28
2023-03-12T12:00:00Z,5.125,73.075,0.0,28.59,-0.29
2023-03-19T12:00:00Z,5.125,73.075,0.0,28.87,-0.19
2023-03-26T12:00:00Z,5.125,73.075,0.0,29.09,-0.13
2023-04-02T12:00:00Z,5.125,73.075,0.0,29.490000000000002,0.1
2023-04-09T12:00:00Z,5.125,73.075,0.0,30.03,0.47000000000000003
2023-04-16T12:00:00Z,5.125,73.075,0.0,30.09,0.39
2023-04-23T12:00:00Z,5.125,73.075,0.0,30.54,0.84
2023-04-30T12:00:00Z,5.125,73.075,0.0,30.580000000000002,0.89
2023-05-07T12:00:00Z,5.125,73.075,0.14,29.91,0.22
2023-05-14T12:00:00Z,5.125,73.075,0.14,29.78,0.09
2023-05-21T12:00:00Z,5.125,73.075,0.14,30.16,0.68
2023-05-28T12:00:00Z,5.125,73.075,0.14,30.04,0.81
2023-06-04T12:00:00Z,5.125,73.075,0.14,29.76,0.78
2023-06-11T12:00:00Z,5.125,73.075,0.14,29.41,0.68
2023-06-18T12:00:00Z,5.125,73.075,0.14,29.22,0.65
2023-06-25T12:00:00Z,5.125,73.075,0.14,28.63,0.12
2023-07-02T12:00:00Z,5.125,73.075,0.14,28.96,0.51
2023-07-09T12:00:00Z,5.125,73.075,0.14,29.150000000000002,0.75
2023-07-16T12:00:00Z,5.125,73.075,0.14,29.240000000000002,0.89
2023-07-23T12:00:00Z,5.125,73.075,0.14,29.32,0.9500000000000001
2023-07-30T12:00:00Z,5.125,73.075,0.0,29.21,0.8200000000000001
2023-08-06T12:00:00Z,5.125,73.075,0.0,29.2,0.79
2023-08-13T12:00:00Z,5.125,73.075,0.0,29.28,0.85
2023-08-20T12:00:00Z,5.125,73.075,0.0,29.35,0.9500000000000001
2023-08-27T12:00:00Z,5.125,73.075,0.0,29.79,1.44
2023-09-03T12:00:00Z,5.125,73.075,0.0,28.84,0.53
2023-09-10T12:00:00Z,5.125,73.075,0.0,29.09,0.8300000000000001
2023-09-17T12:00:00Z,5.125,73.075,0.0,29.34,1.12
2023-09-24T12:00:00Z,5.125,73.075,0.0,29.59,1.36
2023-10-01T12:00:00Z,5.125,73.075,0.0,29.61,1.36
2023-10-08T12:00:00Z,5.125,73.075,0.0,29.54,1.28
2023-10-15T12:00:00Z,5.125,73.075,0.0,29.64,1.37
2023-10-22T12:00:00Z,5.125,73.075,0.0,29.580000000000002,1.31
2023-10-29T12:00:00Z,5.125,73.075,0.0,29.490000000000002,1.22
2023-11-05T12:00:00Z,5.125,73.075,0.0,29.5,1.24
2023-11-12T12:00:00Z,5.125,73.075,0.0,29.76,1.5
2023-11-19T12:00:00Z,5.125,73.075,0.0,29.91,1.67
2023-11-26T12:00:00Z,5.125,73.075,0.0,29.82,1.62
2023-12-03T12:00:00Z,5.125,73.075,0.0,29.91,1.75
2023-12-10T12:00:00Z,5.125,73.075,0.0,29.77,1.6400000000000001
2023-12-17T12:00:00Z,5.125,73.075,0.0,29.64,1.55
2023-12-24T12:00:00Z,5.125,73.075,0.0,29.21,1.1300000000000001
2023-12-31T12:00:00Z,5.125,73.075,0.0,29.080000000000002,1.02
2024-01-07T12:00:00Z,5.125,73.075,0.0,29.1,1.06
2024-01-14T12:00:00Z,5.125,73.075,0.0,28.84,0.8200000000000001
2024-01-21T12:00:00Z,5.125,73.075,0.0,28.6,0.54
2024-01-28T12:00:00Z,5.125,73.075,0.0,28.68,0.58
2024-02-04T12:00:00Z,5.125,73.075,0.0,28.84,0.6900000000000001
2024-02-11T12:00:00Z,5.125,73.075,0.0,28.810000000000002,0.62
2024-02-18T12:00:00Z,5.125,73.075,0.0,28.94,0.64
2024-02-25T12:00:00Z,5.125,73.075,0.0,29.23,0.75
2024-03-03T12:00:00Z,5.125,73.075,0.0,29.2,0.55
2024-03-10T12:00:00Z,5.125,73.075,0.0,29.55,0.72
2024-03-17T12:00:00Z,5.125,73.075,0.0,29.82,0.81
2024-03-24T12:00:00Z,5.125,73.075,0.0,30.29,1.12
2024-03-31T12:00:00Z,5.125,73.075,0.0,30.42,1.08
2024-04-07T12:00:00Z,5.125,73.075,0.3,30.36,0.85
2024-04-14T12:00:00Z,5.125,73.075,1.26,30.86,1.18
2024-04-21T12:00:00Z,5.125,73.075,2.43,30.85,1.1500000000000001
2024-04-28T12:00:00Z,5.125,73.075,3.42,30.64,0.9400000000000001
2024-05-05T12:00:00Z,5.125,73.075,4.1,31.02,1.33
2024-05-12T12:00:00Z,5.125,73.075,4.2700000000000005,30.28,0.59
2024-05-19T12:00:00Z,5.125,73.075,4.2700000000000005,30.060000000000002,0.51
2024-05-26T12:00:00Z,5.125,73.075,4.2700000000000005,29.35,0.05
2024-06-02T12:00:00Z,5.125,73.075,4.2700000000000005,29.52,0.47000000000000003
2024-06-09T12:00:00Z,5.125,73.075,4.2700000000000005,29.63,0.8300000000000001
2024-06-16T12:00:00Z,5.125,73.075,4.2700000000000005,29.79,1.21
2024-06-23T12:00:00Z,5.125,73.075,4.2700000000000005,29.580000000000002,1.05
2024-06-30T12:00:00Z,5.125,73.075,3.97,29.64,1.17
2024-07-07T12:00:00Z,5.125,73.075,3.0100000000000002,29.900000000000002,1.49
2024-07-14T12:00:00Z,5.125,73.075,1.84,29.63,1.27
2024-07-21T12:00:00Z,5.125,73.075,0.85,29.89,1.52
2024-07-28T12:00:00Z,5.125,73.075,0.17,30.22,1.83
2024-08-04T12:00:00Z,5.125,73.075,0.0,29.77,1.36
2024-08-11T12:00:00Z,5.125,73.075,0.0,29.43,1.0
2024-08-18T12:00:00Z,5.125,73.075,0.0,28.900000000000002,0.48
2024-08-25T12:00:00Z,5.125,73.075,0.0,28.79,0.42
2024-09-01T12:00:00Z,5.125,73.075,0.0,29.0,0.68
2024-09-08T12:00:00Z,5.125,73.075,0.0,29.11,0.84
2024-09-15T12:00:00Z,5.125,73.075,0.0,29.5,1.28
2024-09-22T12:00:00Z,5.125,73.075,0.0,29.310000000000002,1.08
2024-09-29T12:00:00Z,5.125,73.075,0.0,29.11,0.87
2024-10-06T12:00:00Z,5.125,73.075,0.0,29.19,0.9400000000000001
2024-10-13T12:00:00Z,5.125,73.075,0.0,28.96,0.6900000000000001
2024-10-20T12:00:00Z,5.125,73.075,0.0,29.14,0.87
2024-10-27T12:00:00Z,5.125,73.075,0.0,29.27,1.0
2024-11-03T12:00:00Z,5.125,73.075,0.0,29.44,1.18
2024-11-10T12:00:00Z,5.125,73.075,0.0,29.71,1.45
2024-11-17T12:00:00Z,5.125,73.075,0.0,29.76,1.51
2024-11-24T12:00:00Z,5.125,73.075,0.0,29.67,1.46
2024-12-01T12:00:00Z,5.125,73.075,0.0,29.28,1.11
2024-12-08T12:00:00Z,5.125,73.075,0.0,29.59,1.45
2024-12-15T12:00:00Z,5.125,73.075,0.0,29.27,1.17
2024-12-22T12:00:00Z,5.125,73.075,0.0,29.12,1.04
2024-12-29T12:00:00Z,5.125,73.075,0.0,29.27,1.21
2025-01-05T12:00:00Z,5.125,73.075,0.0,28.67,0.62
2025-01-12T12:00:00Z,5.125,73.075,0.0,28.47,0.44
2025-01-19T12:00:00Z,5.125,73.075,0.0,28.330000000000002,0.28
2025-01-26T12:00:00Z,5.125,73.075,0.0,28.69,0.6
2025-02-02T12:00:00Z,5.125,73.075,0.0,28.830000000000002,0.6900000000000001
2025-02-09T12:00:00Z,5.125,73.075,0.0,28.69,0.51
2025-02-16T12:00:00Z,5.125,73.075,0.0,28.76,0.51
2025-02-23T12:00:00Z,5.125,73.075,0.0,29.17,0.74
2025-03-02T12:00:00Z,5.125,73.075,0.0,29.07,0.45
2025-03-09T12:00:00Z,5.125,73.075,0.0,29.18,0.38
2025-03-16T12:00:00Z,5.125,73.075,0.0,29.330000000000002,0.35000000000000003
2025-03-23T12:00:00Z,5.125,73.075,0.0,29.96,0.81
2025-03-30T12:00:00Z,5.125,73.075,0.0,29.89,0.5700000000000001
2025-04-06T12:00:00Z,5.125,73.075,0.0,30.22,0.73
2025-04-13T12:00:00Z,5.125,73.075,0.0,30.07,0.42
2025-04-20T12:00:00Z,5.125,73.075,0.0,30.21,0.51
2025-04-27T12:00:00Z,5.125,73.075,0.0,30.23,0.53
2025-05-04T12:00:00Z,5.125,73.075,0.0,30.46,0.77
2025-05-11T12:00:00Z,5.125,73.075,0.0,30.310000000000002,0.62
2025-05-18T12:00:00Z,5.125,73.075,0.0,30.1,0.52
2025-05-25T12:00:00Z,5.125,73.075,0.0,29.69,0.35000000000000003
2025-06-01T12:00:00Z,5.125,73.075,0.0,29.61,0.52
2025-06-08T12:00:00Z,5.125,73.075,0.0,29.66,0.8200000000000001
2025-06-15T12:00:00Z,5.125,73.075,0.0,29.44,0.85
2025-06-22T12:00:00Z,5.125,73.075,0.0,29.51,0.98
2025-06-29T12:00:00Z,5.125,73.075,0.0,29.310000000000002,0.8300000000000001
2025-07-06T12:00:00Z,5.125,73.075,0.0,29.54,1.12
2025-07-13T12:00:00Z,5.125,73.075,0.0,29.35,0.98
2025-07-20T12:00:00Z,5.125,73.075,0.0,28.73,0.37
2025-07-27T12:00:00Z,5.125,73.075,0.0,28.69,0.31
2025-08-03T12:00:00Z,5.125,73.075,0.0,28.45,0.04
2025-08-10T12:00:00Z,5.125,73.075,0.0,28.28,-0.15
2025-08-17T12:00:00Z,5.125,73.075,0.0,28.61,0.18
2025-08-24T12:00:00Z,5.125,73.075,0.0,29.04,0.66
2025-08-31T12:00:00Z,5.125,73.075,0.0,28.72,0.39
2025-09-07T12:00:00Z,5.125,73.075,0.0,28.810000000000002,0.53
2025-09-14T12:00:00Z,5.125,73.075,0.0,28.84,0.61
2025-09-21T12:00:00Z,5.125,73.075,0.0,29.35,1.12
2025-09-28T12:00:00Z,5.125,73.075,0.0,29.51,1.27
2025-10-05T12:00:00Z,5.125,73.075,0.0,29.63,1.3800000000000001
2025-10-12T12:00:00Z,5.125,73.075,0.0,29.23,0.97
2025-10-19T12:00:00Z,5.125,73.075,0.0,28.810000000000002,0.54
2025-10-26T12:00:00Z,5.125,73.075,0.0,28.54,0.27
2025-11-02T12:00:00Z,5.125,73.075,0.0,28.79,0.53
2025-11-09T12:00:00Z,5.125,73.075,0.0,28.69,0.43
2025-11-16T12:00:00Z,5.125,73.075,0.0,28.810000000000002,0.56
2025-11-23T12:00:00Z,5.125,73.075,0.0,29.13,0.91
2025-11-30T12:00:00Z,5.125,73.075,0.0,28.830000000000002,0.65
2025-12-07T12:00:00Z,5.125,73.075,0.0,28.72,0.58
2025-12-14T12:00:00Z,5.125,73.075,0.0,28.51,0.4
2025-12-21T12:00:00Z,5.125,73.075,0.0,28.32,0.24
2025-12-28T12:00:00Z,5.125,73.075,0.0,27.93,-0.14
2026-01-04T12:00:00Z,5.125,73.075,0.0,28.400000000000002,0.35000000000000003
2026-01-11T12:00:00Z,5.125,73.075,0.0,28.59,0.56
2026-01-18T12:00:00Z,5.125,73.075,0.0,28.34,0.3
2026-01-25T12:00:00Z,5.125,73.075,0.0,28.38,0.3
2026-02-01T12:00:00Z,5.125,73.075,0.0,28.43,0.3
2026-02-08T12:00:00Z,5.125,73.075,0.0,28.28,0.11
2026-02-15T12:00:00Z,5.125,73.075,0.0,28.41,0.19
2026-02-22T12:00:00Z,5.125,73.075,0.0,28.02,-0.38
2026-03-01T12:00:00Z,5.125,73.075,0.0,28.1,-0.49
2026-03-08T12:00:00Z,5.125,73.075,0.0,28.990000000000002,0.22
2026-03-15T12:00:00Z,5.125,73.075,0.0,29.19,0.23
2026-03-22T12:00:00Z,5.125,73.075,0.0,29.78,0.65
2026-03-29T12:00:00Z,5.125,73.075,0.0,29.79,0.5
2026-04-05T12:00:00Z,5.125,73.075,0.0,30.14,0.68
2026-04-12T12:00:00Z,5.125,73.075,0.0,30.29,0.66
2026-04-19T12:00:00Z,5.125,73.075,0.0,30.67,0.97
2026-04-26T12:00:00Z,5.125,73.075,0.8,30.970000000000002,1.27
2026-05-03T12:00:00Z,5.125,73.075,1.47,30.560000000000002,0.87
2026-05-10T12:00:00Z,5.125,73.075,1.47,29.96,0.27
2026-05-17T12:00:00Z,5.125,73.075,1.47,29.76,0.14
2026-05-24T12:00:00Z,5.125,73.075,1.47,29.12,-0.25
2026-05-31T12:00:00Z,5.125,73.075,1.47,29.13,0.01
2026-06-07T12:00:00Z,5.125,73.075,1.47,28.92,0.05
2026-06-15T12:00:00Z,5.125,73.075,1.47,28.71,0.08
2026-06-22T12:00:00Z,5.125,73.075,1.47,28.59,0.05
2026-06-29T12:00:00Z,5.125,73.075,1.47,28.72,0.23
2026-07-06T12:00:00Z,5.125,73.075,1.47,28.86,0.43
2026-07-13T12:00:00Z,5.125,73.075,1.47,29.01,0.64
2026-07-20T12:00:00Z,5.125,73.075,0.47000000000000003,29.35,0.99
2026-07-27T12:00:00Z,5.125,73.075,0.0,29.650000000000002,1.27
2026-08-03T12:00:00Z,5.125,73.075,0.0,29.41,1.01
2026-08-10T12:00:00Z,5.125,73.075,0.0,29.01,0.59
2026-08-17T12:00:00Z,5.125,73.075,0.0,29.0,0.5700000000000001
2026-08-24T12:00:00Z,5.125,73.075,0.0,29.310000000000002,0.93
2026-08-31T12:00:00Z,5.125,73.075,0.0,29.3,0.97
2026-09-07T12:00:00Z,5.125,73.075,0.0,30.150000000000002,1.87
