year,habitat,site,transect
2006,Backreef,LTER_1,1
2006,Backreef,LTER_1,2
2006,Backreef,LTER_1,3
2006,Backreef,LTER_1,4
2006,Backreef,LTER_2,1
2006,Backreef,LTER_2,2
2006,Backreef,LTER_2,3
2006,Backreef,LTER_2,4
2006,Backreef,LTER_3,1
2006,Backreef,LTER_3,2
2006,Backreef,LTER_3,3
2006,Backreef,LTER_3,4
2006,Backreef,LTER_4,1
2006,Backreef,LTER_4,2
2006,Backreef,LTER_4,3
2006,Backreef,LTER_4,4
2006,Backreef,LTER_5,1
2006,Backreef,LTER_5,2
2006,Backreef,LTER_5,3
2006,Backreef,LTER_5,4
2006,Backreef,LTER_6,1
2006,Backreef,LTER_6,2
2006,Backreef,LTER_6,3
2006,Backreef,LTER_6,4
2006,Forereef,LTER_1,1
2006,Forereef,LTER_1,2
2006,Forereef,LTER_1,3
2006,Forereef,LTER_1,4
2006,Forereef,LTER_2,1
2006,Forereef,LTER_2,2
2006,Forereef,LTER_2,3
2006,Forereef,LTER_2,4
2006,Forereef,LTER_3,1
2006,Forereef,LTER_3,2
2006,Forereef,LTER_3,3
2006,Forereef,LTER_3,4
2006,Forereef,LTER_4,1
2006,Forereef,LTER_4,2
2006,Forereef,LTER_4,3
2006,Forereef,LTER_4,4
2006,Forereef,LTER_5,1
2006,Forereef,LTER_5,2
2006,Forereef,LTER_5,3
2006,Forereef,LTER_5,4
2006,Forereef,LTER_6,1
2006,Forereef,LTER_6,2
2006,Forereef,LTER_6,3
2006,Forereef,LTER_6,4
2006,Fringing,LTER_1,1
2006,Fringing,LTER_1,2
2006,Fringing,LTER_1,3
2006,Fringing,LTER_1,4
2006,Fringing,LTER_2,1
2006,Fringing,LTER_2,2
2006,Fringing,LTER_2,3
2006,Fringing,LTER_2,4
2006,Fringing,LTER_3,1
2006,Fringing,LTER_3,2
2006,Fringing,LTER_3,3
2006,Fringing,LTER_3,4
2006,Fringing,LTER_4,1
2006,Fringing,LTER_4,2
2006,Fringing,LTER_4,3
2006,Fringing,LTER_4,4
2006,Fringing,LTER_5,1
2006,Fringing,LTER_5,2
2006,Fringing,LTER_5,3
2006,Fringing,LTER_5,4
2006,Fringing,LTER_6,1
2006,Fringing,LTER_6,2
2006,Fringing,LTER_6,3
2006,Fringing,LTER_6,4
2007,Backreef,LTER_1,1
2007,Backreef,LTER_1,2
2007,Backreef,LTER_1,3
2007,Backreef,LTER_1,4
2007,Backreef,LTER_2,1
2007,Backreef,LTER_2,2
2007,Backreef,LTER_2,3
2007,Backreef,LTER_2,4
2007,Backreef,LTER_3,1
2007,Backreef,LTER_3,2
2007,Backreef,LTER_3,3
2007,Backreef,LTER_3,4
2007,Backreef,LTER_4,1
2007,Backreef,LTER_4,2
2007,Backreef,LTER_4,3
2007,Backreef,LTER_4,4
2007,Backreef,LTER_5,1
2007,Backreef,LTER_5,2
2007,Backreef,LTER_5,3
2007,Backreef,LTER_5,4
2007,Backreef,LTER_6,1
2007,Backreef,LTER_6,2
2007,Backreef,LTER_6,3
2007,Backreef,LTER_6,4
2007,Forereef,LTER_1,1
2007,Forereef,LTER_1,2
2007,Forereef,LTER_1,3
2007,Forereef,LTER_1,4
2007,Forereef,LTER_2,1
2007,Forereef,LTER_2,2
2007,Forereef,LTER_2,3
2007,Forereef,LTER_2,4
2007,Forereef,LTER_3,1
2007,Forereef,LTER_3,2
2007,Forereef,LTER_3,3
2007,Forereef,LTER_3,4
2007,Forereef,LTER_4,1
2007,Forereef,LTER_4,2
2007,Forereef,LTER_4,3
2007,Forereef,LTER_4,4
2007,Forereef,LTER_5,1
2007,Forereef,LTER_5,2
2007,Forereef,LTER_5,3
2007,Forereef,LTER_5,4
2007,Forereef,LTER_6,1
2007,Forereef,LTER_6,2
2007,Forereef,LTER_6,3
2007,Forereef,LTER_6,4
2007,Fringing,LTER_1,1
2007,Fringing,LTER_1,2
2007,Fringing,LTER_1,3
2007,Fringing,LTER_1,4
2007,Fringing,LTER_2,1
2007,Fringing,LTER_2,2
2007,Fringing,LTER_2,3
2007,Fringing,LTER_2,4
2007,Fringing,LTER_3,1
2007,Fringing,LTER_3,2
2007,Fringing,LTER_3,3
2007,Fringing,LTER_3,4
2007,Fringing,LTER_4,1
2007,Fringing,LTER_4,2
2007,Fringing,LTER_4,3
2007,Fringing,LTER_4,4
2007,Fringing,LTER_5,1
2007,Fringing,LTER_5,2
2007,Fringing,LTER_5,3
2007,Fringing,LTER_5,4
2007,Fringing,LTER_6,1
2007,Fringing,LTER_6,2
2007,Fringing,LTER_6,3
2007,Fringing,LTER_6,4
2008,Backreef,LTER_1,1
2008,Backreef,LTER_1,2
2008,Backreef,LTER_1,3
2008,Backreef,LTER_1,4
2008,Backreef,LTER_2,1
2008,Backreef,LTER_2,2
2008,Backreef,LTER_2,3
2008,Backreef,LTER_2,4
2008,Backreef,LTER_3,1
2008,Backreef,LTER_3,2
2008,Backreef,LTER_3,3
2008,Backreef,LTER_3,4
2008,Backreef,LTER_4,1
2008,Backreef,LTER_4,2
2008,Backreef,LTER_4,3
2008,Backreef,LTER_4,4
2008,Backreef,LTER_5,1
2008,Backreef,LTER_5,2
2008,Backreef,LTER_5,3
2008,Backreef,LTER_5,4
2008,Backreef,LTER_6,1
2008,Backreef,LTER_6,2
2008,Backreef,LTER_6,3
2008,Backreef,LTER_6,4
2008,Forereef,LTER_1,1
2008,Forereef,LTER_1,2
2008,Forereef,LTER_1,3
2008,Forereef,LTER_1,4
2008,Forereef,LTER_2,1
2008,Forereef,LTER_2,2
2008,Forereef,LTER_2,3
2008,Forereef,LTER_2,4
2008,Forereef,LTER_3,1
2008,Forereef,LTER_3,2
2008,Forereef,LTER_3,3
2008,Forereef,LTER_3,4
2008,Forereef,LTER_4,1
2008,Forereef,LTER_4,2
2008,Forereef,LTER_4,3
2008,Forereef,LTER_4,4
2008,Forereef,LTER_5,1
2008,Forereef,LTER_5,2
2008,Forereef,LTER_5,3
2008,Forereef,LTER_5,4
2008,Forereef,LTER_6,1
2008,Forereef,LTER_6,2
2008,Forereef,LTER_6,3
2008,Forereef,LTER_6,4
2008,Fringing,LTER_1,1
2008,Fringing,LTER_1,2
2008,Fringing,LTER_1,3
2008,Fringing,LTER_1,4
2008,Fringing,LTER_2,1
2008,Fringing,LTER_2,2
2008,Fringing,LTER_2,3
2008,Fringing,LTER_2,4
2008,Fringing,LTER_3,1
2008,Fringing,LTER_3,2
2008,Fringing,LTER_3,3
2008,Fringing,LTER_3,4
2008,Fringing,LTER_4,1
2008,Fringing,LTER_4,2
2008,Fringing,LTER_4,3
2008,Fringing,LTER_4,4
2008,Fringing,LTER_5,1
2008,Fringing,LTER_5,2
2008,Fringing,LTER_5,3
2008,Fringing,LTER_5,4
2008,Fringing,LTER_6,1
2008,Fringing,LTER_6,2
2008,Fringing,LTER_6,3
2008,Fringing,LTER_6,4
2009,Backreef,LTER_1,1
2009,Backreef,LTER_1,2
2009,Backreef,LTER_1,3
2009,Backreef,LTER_1,4
2009,Backreef,LTER_2,1
2009,Backreef,LTER_2,2
2009,Backreef,LTER_2,3
2009,Backreef,LTER_2,4
2009,Backreef,LTER_3,1
2009,Backreef,LTER_3,2
2009,Backreef,LTER_3,3
2009,Backreef,LTER_3,4
2009,Backreef,LTER_4,1
2009,Backreef,LTER_4,2
2009,Backreef,LTER_4,3
2009,Backreef,LTER_4,4
2009,Backreef,LTER_5,1
2009,Backreef,LTER_5,2
2009,Backreef,LTER_5,3
2009,Backreef,LTER_5,4
2009,Backreef,LTER_6,1
2009,Backreef,LTER_6,2
2009,Backreef,LTER_6,3
2009,Backreef,LTER_6,4
2009,Forereef,LTER_1,1
2009,Forereef,LTER_1,2
2009,Forereef,LTER_1,3
2009,Forereef,LTER_1,4
2009,Forereef,LTER_2,1
2009,Forereef,LTER_2,2
2009,Forereef,LTER_2,3
2009,Forereef,LTER_2,4
2009,Forereef,LTER_3,1
2009,Forereef,LTER_3,2
2009,Forereef,LTER_3,3
2009,Forereef,LTER_3,4
2009,Forereef,LTER_4,1
2009,Forereef,LTER_4,2
2009,Forereef,LTER_4,3
2009,Forereef,LTER_4,4
2009,Forereef,LTER_5,1
2009,Forereef,LTER_5,2
2009,Forereef,LTER_5,3
2009,Forereef,LTER_5,4
2009,Forereef,LTER_6,1
2009,Forereef,LTER_6,2
2009,Forereef,LTER_6,3
2009,Forereef,LTER_6,4
2009,Fringing,LTER_1,1
2009,Fringing,LTER_1,2
2009,Fringing,LTER_1,3
2009,Fringing,LTER_1,4
2009,Fringing,LTER_2,1
2009,Fringing,LTER_2,2
2009,Fringing,LTER_2,3
2009,Fringing,LTER_2,4
2009,Fringing,LTER_3,1
2009,Fringing,LTER_3,2
2009,Fringing,LTER_3,3
2009,Fringing,LTER_3,4
2009,Fringing,LTER_4,1
2009,Fringing,LTER_4,2
2009,Fringing,LTER_4,3
2009,Fringing,LTER_4,4
2009,Fringing,LTER_5,1
2009,Fringing,LTER_5,2
2009,Fringing,LTER_5,3
2009,Fringing,LTER_5,4
2009,Fringing,LTER_6,1
2009,Fringing,LTER_6,2
2009,Fringing,LTER_6,3
2009,Fringing,LTER_6,4
2010,Backreef,LTER_1,1
2010,Backreef,LTER_1,2
2010,Backreef,LTER_1,3
2010,Backreef,LTER_1,4
2010,Backreef,LTER_2,1
2010,Backreef,LTER_2,2
2010,Backreef,LTER_2,3
2010,Backreef,LTER_2,4
2010,Backreef,LTER_3,1
2010,Backreef,LTER_3,2
2010,Backreef,LTER_3,3
2010,Backreef,LTER_3,4
2010,Backreef,LTER_4,1
2010,Backreef,LTER_4,2
2010,Backreef,LTER_4,3
2010,Backreef,LTER_4,4
2010,Backreef,LTER_5,1
2010,Backreef,LTER_5,2
2010,Backreef,LTER_5,3
2010,Backreef,LTER_5,4
2010,Backreef,LTER_6,1
2010,Backreef,LTER_6,2
2010,Backreef,LTER_6,3
2010,Backreef,LTER_6,4
2010,Forereef,LTER_1,1
2010,Forereef,LTER_1,2
2010,Forereef,LTER_1,3
2010,Forereef,LTER_1,4
2010,Forereef,LTER_2,1
2010,Forereef,LTER_2,2
2010,Forereef,LTER_2,3
2010,Forereef,LTER_2,4
2010,Forereef,LTER_3,1
2010,Forereef,LTER_3,2
2010,Forereef,LTER_3,3
2010,Forereef,LTER_3,4
2010,Forereef,LTER_4,1
2010,Forereef,LTER_4,2
2010,Forereef,LTER_4,3
2010,Forereef,LTER_4,4
2010,Forereef,LTER_5,1
2010,Forereef,LTER_5,2
2010,Forereef,LTER_5,3
2010,Forereef,LTER_5,4
2010,Forereef,LTER_6,1
2010,Forereef,LTER_6,2
2010,Forereef,LTER_6,3
2010,Forereef,LTER_6,4
2010,Fringing,LTER_1,1
2010,Fringing,LTER_1,2
2010,Fringing,LTER_1,3
2010,Fringing,LTER_1,4
2010,Fringing,LTER_2,1
2010,Fringing,LTER_2,2
2010,Fringing,LTER_2,3
2010,Fringing,LTER_2,4
2010,Fringing,LTER_3,1
2010,Fringing,LTER_3,2
2010,Fringing,LTER_3,3
2010,Fringing,LTER_3,4
2010,Fringing,LTER_4,1
2010,Fringing,LTER_4,2
2010,Fringing,LTER_4,3
2010,Fringing,LTER_4,4
2010,Fringing,LTER_5,1
2010,Fringing,LTER_5,2
2010,Fringing,LTER_5,3
2010,Fringing,LTER_5,4
2010,Fringing,LTER_6,1
2010,Fringing,LTER_6,2
2010,Fringing,LTER_6,3
2010,Fringing,LTER_6,4
2011,Backreef,LTER_1,1
2011,Backreef,LTER_1,2
2011,Backreef,LTER_1,3
2011,Backreef,LTER_1,4
2011,Backreef,LTER_2,1
2011,Backreef,LTER_2,2
2011,Backreef,LTER_2,3
2011,Backreef,LTER_2,4
2011,Backreef,LTER_3,1
2011,Backreef,LTER_3,2
2011,Backreef,LTER_3,3
2011,Backreef,LTER_3,4
2011,Backreef,LTER_4,1
2011,Backreef,LTER_4,2
2011,Backreef,LTER_4,3
2011,Backreef,LTER_4,4
2011,Backreef,LTER_5,1
2011,Backreef,LTER_5,2
2011,Backreef,LTER_5,3
2011,Backreef,LTER_5,4
2011,Backreef,LTER_6,1
2011,Backreef,LTER_6,2
2011,Backreef,LTER_6,3
2011,Backreef,LTER_6,4
2011,Forereef,LTER_1,1
2011,Forereef,LTER_1,2
2011,Forereef,LTER_1,3
2011,Forereef,LTER_1,4
2011,Forereef,LTER_2,1
2011,Forereef,LTER_2,2
2011,Forereef,LTER_2,3
2011,Forereef,LTER_2,4
2011,Forereef,LTER_3,1
2011,Forereef,LTER_3,2
2011,Forereef,LTER_3,3
2011,Forereef,LTER_3,4
2011,Forereef,LTER_4,1
2011,Forereef,LTER_4,2
2011,Forereef,LTER_4,3
2011,Forereef,LTER_4,4
2011,Forereef,LTER_5,1
2011,Forereef,LTER_5,2
2011,Forereef,LTER_5,3
2011,Forereef,LTER_5,4
2011,Forereef,LTER_6,1
2011,Forereef,LTER_6,2
2011,Forereef,LTER_6,3
2011,Forereef,LTER_6,4
2011,Fringing,LTER_1,1
2011,Fringing,LTER_1,2
2011,Fringing,LTER_1,3
2011,Fringing,LTER_1,4
2011,Fringing,LTER_2,1
2011,Fringing,LTER_2,2
2011,Fringing,LTER_2,3
2011,Fringing,LTER_2,4
2011,Fringing,LTER_3,1
2011,Fringing,LTER_3,2
2011,Fringing,LTER_3,3
2011,Fringing,LTER_3,4
2011,Fringing,LTER_4,1
2011,Fringing,LTER_4,2
2011,Fringing,LTER_4,3
2011,Fringing,LTER_4,4
2011,Fringing,LTER_5,1
2011,Fringing,LTER_5,2
2011,Fringing,LTER_5,3
2011,Fringing,LTER_5,4
2011,Fringing,LTER_6,1
2011,Fringing,LTER_6,2
2011,Fringing,LTER_6,3
2011,Fringing,LTER_6,4
2012,Backreef,LTER_1,1
2012,Backreef,LTER_1,2
2012,Backreef,LTER_1,3
2012,Backreef,LTER_1,4
2012,Backreef,LTER_2,1
2012,Backreef,LTER_2,2
2012,Backreef,LTER_2,3
2012,Backreef,LTER_2,4
2012,Backreef,LTER_3,1
2012,Backreef,LTER_3,2
2012,Backreef,LTER_3,3
2012,Backreef,LTER_3,4
2012,Backreef,LTER_4,1
2012,Backreef,LTER_4,2
2012,Backreef,LTER_4,3
2012,Backreef,LTER_4,4
2012,Backreef,LTER_5,1
2012,Backreef,LTER_5,2
2012,Backreef,LTER_5,3
2012,Backreef,LTER_5,4
2012,Backreef,LTER_6,1
2012,Backreef,LTER_6,2
2012,Backreef,LTER_6,3
2012,Backreef,LTER_6,4
2012,Forereef,LTER_1,1
2012,Forereef,LTER_1,2
2012,Forereef,LTER_1,3
2012,Forereef,LTER_1,4
2012,Forereef,LTER_2,1
2012,Forereef,LTER_2,2
2012,Forereef,LTER_2,3
2012,Forereef,LTER_2,4
2012,Forereef,LTER_3,1
2012,Forereef,LTER_3,2
2012,Forereef,LTER_3,3
2012,Forereef,LTER_3,4
2012,Forereef,LTER_4,1
2012,Forereef,LTER_4,2
2012,Forereef,LTER_4,3
2012,Forereef,LTER_4,4
2012,Forereef,LTER_5,1
2012,Forereef,LTER_5,2
2012,Forereef,LTER_5,3
2012,Forereef,LTER_5,4
2012,Forereef,LTER_6,1
2012,Forereef,LTER_6,2
2012,Forereef,LTER_6,3
2012,Forereef,LTER_6,4
2012,Fringing,LTER_1,1
2012,Fringing,LTER_1,2
2012,Fringing,LTER_1,3
2012,Fringing,LTER_1,4
2012,Fringing,LTER_2,1
2012,Fringing,LTER_2,2
2012,Fringing,LTER_2,3
2012,Fringing,LTER_2,4
2012,Fringing,LTER_3,1
2012,Fringing,LTER_3,2
2012,Fringing,LTER_3,3
2012,Fringing,LTER_3,4
2012,Fringing,LTER_4,1
2012,Fringing,LTER_4,2
2012,Fringing,LTER_4,3
2012,Fringing,LTER_4,4
2012,Fringing,LTER_5,1
2012,Fringing,LTER_5,2
2012,Fringing,LTER_5,3
2012,Fringing,LTER_5,4
2012,Fringing,LTER_6,1
2012,Fringing,LTER_6,2
2012,Fringing,LTER_6,3
2012,Fringing,LTER_6,4
2013,Backreef,LTER_1,1
2013,Backreef,LTER_1,2
2013,Backreef,LTER_1,3
2013,Backreef,LTER_1,4
2013,Backreef,LTER_2,1
2013,Backreef,LTER_2,2
2013,Backreef,LTER_2,3
2013,Backreef,LTER_2,4
2013,Backreef,LTER_3,1
2013,Backreef,LTER_3,2
2013,Backreef,LTER_3,3
2013,Backreef,LTER_3,4
2013,Backreef,LTER_4,1
2013,Backreef,LTER_4,2
2013,Backreef,LTER_4,3
2013,Backreef,LTER_4,4
2013,Backreef,LTER_5,1
2013,Backreef,LTER_5,2
2013,Backreef,LTER_5,3
2013,Backreef,LTER_5,4
2013,Backreef,LTER_6,1
2013,Backreef,LTER_6,2
2013,Backreef,LTER_6,3
2013,Backreef,LTER_6,4
2013,Forereef,LTER_1,1
2013,Forereef,LTER_1,2
2013,Forereef,LTER_1,3
2013,Forereef,LTER_1,4
2013,Forereef,LTER_2,1
2013,Forereef,LTER_2,2
2013,Forereef,LTER_2,3
2013,Forereef,LTER_2,4
2013,Forereef,LTER_3,1
2013,Forereef,LTER_3,2
2013,Forereef,LTER_3,3
2013,Forereef,LTER_3,4
2013,Forereef,LTER_4,1
2013,Forereef,LTER_4,2
2013,Forereef,LTER_4,3
2013,Forereef,LTER_4,4
2013,Forereef,LTER_5,1
2013,Forereef,LTER_5,2
2013,Forereef,LTER_5,3
2013,Forereef,LTER_5,4
2013,Forereef,LTER_6,1
2013,Forereef,LTER_6,2
2013,Forereef,LTER_6,3
2013,Forereef,LTER_6,4
2013,Fringing,LTER_1,1
2013,Fringing,LTER_1,2
2013,Fringing,LTER_1,3
2013,Fringing,LTER_1,4
2013,Fringing,LTER_2,1
2013,Fringing,LTER_2,2
2013,Fringing,LTER_2,3
2013,Fringing,LTER_2,4
2013,Fringing,LTER_3,1
2013,Fringing,LTER_3,2
2013,Fringing,LTER_3,3
2013,Fringing,LTER_3,4
2013,Fringing,LTER_4,1
2013,Fringing,LTER_4,2
2013,Fringing,LTER_4,3
2013,Fringing,LTER_4,4
2013,Fringing,LTER_5,1
2013,Fringing,LTER_5,2
2013,Fringing,LTER_5,3
2013,Fringing,LTER_5,4
2013,Fringing,LTER_6,1
2013,Fringing,LTER_6,2
2013,Fringing,LTER_6,3
2013,Fringing,LTER_6,4
2014,Backreef,LTER_1,1
2014,Backreef,LTER_1,2
2014,Backreef,LTER_1,3
2014,Backreef,LTER_1,4
2014,Backreef,LTER_2,1
2014,Backreef,LTER_2,2
2014,Backreef,LTER_2,3
2014,Backreef,LTER_2,4
2014,Backreef,LTER_3,1
2014,Backreef,LTER_3,2
2014,Backreef,LTER_3,3
2014,Backreef,LTER_3,4
2014,Backreef,LTER_4,1
2014,Backreef,LTER_4,2
2014,Backreef,LTER_4,3
2014,Backreef,LTER_4,4
2014,Backreef,LTER_5,1
2014,Backreef,LTER_5,2
2014,Backreef,LTER_5,3
2014,Backreef,LTER_5,4
2014,Backreef,LTER_6,1
2014,Backreef,LTER_6,2
2014,Backreef,LTER_6,3
2014,Backreef,LTER_6,4
2014,Forereef,LTER_1,1
2014,Forereef,LTER_1,2
2014,Forereef,LTER_1,3
2014,Forereef,LTER_1,4
2014,Forereef,LTER_2,1
2014,Forereef,LTER_2,2
2014,Forereef,LTER_2,3
2014,Forereef,LTER_2,4
2014,Forereef,LTER_3,1
2014,Forereef,LTER_3,2
2014,Forereef,LTER_3,3
2014,Forereef,LTER_3,4
2014,Forereef,LTER_4,1
2014,Forereef,LTER_4,2
2014,Forereef,LTER_4,3
2014,Forereef,LTER_4,4
2014,Forereef,LTER_5,1
2014,Forereef,LTER_5,2
2014,Forereef,LTER_5,3
2014,Forereef,LTER_5,4
2014,Forereef,LTER_6,1
2014,Forereef,LTER_6,2
2014,Forereef,LTER_6,3
2014,Forereef,LTER_6,4
2014,Fringing,LTER_1,1
2014,Fringing,LTER_1,2
2014,Fringing,LTER_1,3
2014,Fringing,LTER_1,4
2014,Fringing,LTER_2,1
2014,Fringing,LTER_2,2
2014,Fringing,LTER_2,3
2014,Fringing,LTER_2,4
2014,Fringing,LTER_3,1
2014,Fringing,LTER_3,2
2014,Fringing,LTER_3,3
2014,Fringing,LTER_3,4
2014,Fringing,LTER_4,1
2014,Fringing,LTER_4,2
2014,Fringing,LTER_4,3
2014,Fringing,LTER_4,4
2014,Fringing,LTER_5,1
2014,Fringing,LTER_5,2
2014,Fringing,LTER_5,3
2014,Fringing,LTER_5,4
2014,Fringing,LTER_6,1
2014,Fringing,LTER_6,2
2014,Fringing,LTER_6,3
2014,Fringing,LTER_6,4
2015,Backreef,LTER_1,1
2015,Backreef,LTER_1,2
2015,Backreef,LTER_1,3
2015,Backreef,LTER_1,4
2015,Backreef,LTER_2,1
2015,Backreef,LTER_2,2
2015,Backreef,LTER_2,3
2015,Backreef,LTER_2,4
2015,Backreef,LTER_3,1
2015,Backreef,LTER_3,2
2015,Backreef,LTER_3,3
2015,Backreef,LTER_3,4
2015,Backreef,LTER_4,1
2015,Backreef,LTER_4,2
2015,Backreef,LTER_4,3
2015,Backreef,LTER_4,4
2015,Backreef,LTER_5,1
2015,Backreef,LTER_5,2
2015,Backreef,LTER_5,3
2015,Backreef,LTER_5,4
2015,Backreef,LTER_6,1
2015,Backreef,LTER_6,2
2015,Backreef,LTER_6,3
2015,Backreef,LTER_6,4
2015,Forereef,LTER_1,1
2015,Forereef,LTER_1,2
2015,Forereef,LTER_1,3
2015,Forereef,LTER_1,4
2015,Forereef,LTER_2,1
2015,Forereef,LTER_2,2
2015,Forereef,LTER_2,3
2015,Forereef,LTER_2,4
2015,Forereef,LTER_3,1
2015,Forereef,LTER_3,2
2015,Forereef,LTER_3,3
2015,Forereef,LTER_3,4
2015,Forereef,LTER_4,1
2015,Forereef,LTER_4,2
2015,Forereef,LTER_4,3
2015,Forereef,LTER_4,4
2015,Forereef,LTER_5,1
2015,Forereef,LTER_5,2
2015,Forereef,LTER_5,3
2015,Forereef,LTER_5,4
2015,Forereef,LTER_6,1
2015,Forereef,LTER_6,2
2015,Forereef,LTER_6,3
2015,Forereef,LTER_6,4
2015,Fringing,LTER_1,1
2015,Fringing,LTER_1,2
2015,Fringing,LTER_1,3
2015,Fringing,LTER_1,4
2015,Fringing,LTER_2,1
2015,Fringing,LTER_2,2
2015,Fringing,LTER_2,3
2015,Fringing,LTER_2,4
2015,Fringing,LTER_3,1
2015,Fringing,LTER_3,2
2015,Fringing,LTER_3,3
2015,Fringing,LTER_3,4
2015,Fringing,LTER_4,1
2015,Fringing,LTER_4,2
2015,Fringing,LTER_4,3
2015,Fringing,LTER_4,4
2015,Fringing,LTER_5,1
2015,Fringing,LTER_5,2
2015,Fringing,LTER_5,3
2015,Fringing,LTER_5,4
2015,Fringing,LTER_6,1
2015,Fringing,LTER_6,2
2015,Fringing,LTER_6,3
2015,Fringing,LTER_6,4
2016,Backreef,LTER_1,1
2016,Backreef,LTER_1,2
2016,Backreef,LTER_1,3
2016,Backreef,LTER_1,4
2016,Backreef,LTER_2,1
2016,Backreef,LTER_2,2
2016,Backreef,LTER_2,3
2016,Backreef,LTER_2,4
2016,Backreef,LTER_3,1
2016,Backreef,LTER_3,2
2016,Backreef,LTER_3,3
2016,Backreef,LTER_3,4
2016,Backreef,LTER_4,1
2016,Backreef,LTER_4,2
2016,Backreef,LTER_4,3
2016,Backreef,LTER_4,4
2016,Backreef,LTER_5,1
2016,Backreef,LTER_5,2
2016,Backreef,LTER_5,3
2016,Backreef,LTER_5,4
2016,Backreef,LTER_6,1
2016,Backreef,LTER_6,2
2016,Backreef,LTER_6,3
2016,Backreef,LTER_6,4
2016,Forereef,LTER_1,1
2016,Forereef,LTER_1,2
2016,Forereef,LTER_1,3
2016,Forereef,LTER_1,4
2016,Forereef,LTER_2,1
2016,Forereef,LTER_2,2
2016,Forereef,LTER_2,3
2016,Forereef,LTER_2,4
2016,Forereef,LTER_3,1
2016,Forereef,LTER_3,2
2016,Forereef,LTER_3,3
2016,Forereef,LTER_3,4
2016,Forereef,LTER_4,1
2016,Forereef,LTER_4,2
2016,Forereef,LTER_4,3
2016,Forereef,LTER_4,4
2016,Forereef,LTER_5,1
2016,Forereef,LTER_5,2
2016,Forereef,LTER_5,3
2016,Forereef,LTER_5,4
2016,Forereef,LTER_6,1
2016,Forereef,LTER_6,2
2016,Forereef,LTER_6,3
2016,Forereef,LTER_6,4
2016,Fringing,LTER_1,1
2016,Fringing,LTER_1,2
2016,Fringing,LTER_1,3
2016,Fringing,LTER_1,4
2016,Fringing,LTER_2,1
2016,Fringing,LTER_2,2
2016,Fringing,LTER_2,3
2016,Fringing,LTER_2,4
2016,Fringing,LTER_3,1
2016,Fringing,LTER_3,2
2016,Fringing,LTER_3,3
2016,Fringing,LTER_3,4
2016,Fringing,LTER_4,1
2016,Fringing,LTER_4,2
2016,Fringing,LTER_4,3
2016,Fringing,LTER_4,4
2016,Fringing,LTER_5,1
2016,Fringing,LTER_5,2
2016,Fringing,LTER_5,3
2016,Fringing,LTER_5,4
2016,Fringing,LTER_6,1
2016,Fringing,LTER_6,2
2016,Fringing,LTER_6,3
2016,Fringing,LTER_6,4
2017,Backreef,LTER_1,1
2017,Backreef,LTER_1,2
2017,Backreef,LTER_1,3
2017,Backreef,LTER_1,4
2017,Backreef,LTER_2,1
2017,Backreef,LTER_2,2
2017,Backreef,LTER_2,3
2017,Backreef,LTER_2,4
2017,Backreef,LTER_3,1
2017,Backreef,LTER_3,2
2017,Backreef,LTER_3,3
2017,Backreef,LTER_3,4
2017,Backreef,LTER_4,1
2017,Backreef,LTER_4,2
2017,Backreef,LTER_4,3
2017,Backreef,LTER_4,4
2017,Backreef,LTER_5,1
2017,Backreef,LTER_5,2
2017,Backreef,LTER_5,3
2017,Backreef,LTER_5,4
2017,Backreef,LTER_6,1
2017,Backreef,LTER_6,2
2017,Backreef,LTER_6,3
2017,Backreef,LTER_6,4
2017,Forereef,LTER_1,1
2017,Forereef,LTER_1,2
2017,Forereef,LTER_1,3
2017,Forereef,LTER_1,4
2017,Forereef,LTER_2,1
2017,Forereef,LTER_2,2
2017,Forereef,LTER_2,3
2017,Forereef,LTER_2,4
2017,Forereef,LTER_3,1
2017,Forereef,LTER_3,2
2017,Forereef,LTER_3,3
2017,Forereef,LTER_3,4
2017,Forereef,LTER_4,1
2017,Forereef,LTER_4,2
2017,Forereef,LTER_4,3
2017,Forereef,LTER_4,4
2017,Forereef,LTER_5,1
2017,Forereef,LTER_5,2
2017,Forereef,LTER_5,3
2017,Forereef,LTER_5,4
2017,Forereef,LTER_6,1
2017,Forereef,LTER_6,2
2017,Forereef,LTER_6,3
2017,Forereef,LTER_6,4
2017,Fringing,LTER_1,1
2017,Fringing,LTER_1,2
2017,Fringing,LTER_1,3
2017,Fringing,LTER_1,4
2017,Fringing,LTER_2,1
2017,Fringing,LTER_2,2
2017,Fringing,LTER_2,3
2017,Fringing,LTER_2,4
2017,Fringing,LTER_3,1
2017,Fringing,LTER_3,2
2017,Fringing,LTER_3,3
2017,Fringing,LTER_3,4
2017,Fringing,LTER_4,1
2017,Fringing,LTER_4,2
2017,Fringing,LTER_4,3
2017,Fringing,LTER_4,4
2017,Fringing,LTER_5,1
2017,Fringing,LTER_5,2
2017,Fringing,LTER_5,3
2017,Fringing,LTER_5,4
2017,Fringing,LTER_6,1
2017,Fringing,LTER_6,2
2017,Fringing,LTER_6,3
2017,Fringing,LTER_6,4
2018,Backreef,LTER_1,1
2018,Backreef,LTER_1,2
2018,Backreef,LTER_1,3
2018,Backreef,LTER_1,4
2018,Backreef,LTER_2,1
2018,Backreef,LTER_2,2
2018,Backreef,LTER_2,3
2018,Backreef,LTER_2,4
2018,Backreef,LTER_3,1
2018,Backreef,LTER_3,2
2018,Backreef,LTER_3,3
2018,Backreef,LTER_3,4
2018,Backreef,LTER_4,1
2018,Backreef,LTER_4,2
2018,Backreef,LTER_4,3
2018,Backreef,LTER_4,4
2018,Backreef,LTER_5,1
2018,Backreef,LTER_5,2
2018,Backreef,LTER_5,3
2018,Backreef,LTER_5,4
2018,Backreef,LTER_6,1
2018,Backreef,LTER_6,2
2018,Backreef,LTER_6,3
2018,Backreef,LTER_6,4
2018,Forereef,LTER_1,1
2018,Forereef,LTER_1,2
2018,Forereef,LTER_1,3
2018,Forereef,LTER_1,4
2018,Forereef,LTER_2,1
2018,Forereef,LTER_2,2
2018,Forereef,LTER_2,3
2018,Forereef,LTER_2,4
2018,Forereef,LTER_3,1
2018,Forereef,LTER_3,2
2018,Forereef,LTER_3,3
2018,Forereef,LTER_3,4
2018,Forereef,LTER_4,1
2018,Forereef,LTER_4,2
2018,Forereef,LTER_4,3
2018,Forereef,LTER_4,4
2018,Forereef,LTER_5,1
2018,Forereef,LTER_5,2
2018,Forereef,LTER_5,3
2018,Forereef,LTER_5,4
2018,Forereef,LTER_6,1
2018,Forereef,LTER_6,2
2018,Forereef,LTER_6,3
2018,Forereef,LTER_6,4
2018,Fringing,LTER_1,1
2018,Fringing,LTER_1,2
2018,Fringing,LTER_1,3
2018,Fringing,LTER_1,4
2018,Fringing,LTER_2,1
2018,Fringing,LTER_2,2
2018,Fringing,LTER_2,3
2018,Fringing,LTER_2,4
2018,Fringing,LTER_3,1
2018,Fringing,LTER_3,2
2018,Fringing,LTER_3,3
2018,Fringing,LTER_3,4
2018,Fringing,LTER_4,1
2018,Fringing,LTER_4,2
2018,Fringing,LTER_4,3
2018,Fringing,LTER_4,4
2018,Fringing,LTER_5,1
2018,Fringing,LTER_5,2
2018,Fringing,LTER_5,3
2018,Fringing,LTER_5,4
2018,Fringing,LTER_6,1
2018,Fringing,LTER_6,2
2018,Fringing,LTER_6,3
2018,Fringing,LTER_6,4
2019,Backreef,LTER_1,1
2019,Backreef,LTER_1,2
2019,Backreef,LTER_1,3
2019,Backreef,LTER_1,4
2019,Backreef,LTER_2,1
2019,Backreef,LTER_2,2
2019,Backreef,LTER_2,3
2019,Backreef,LTER_2,4
2019,Backreef,LTER_3,1
2019,Backreef,LTER_3,2
2019,Backreef,LTER_3,3
2019,Backreef,LTER_3,4
2019,Backreef,LTER_4,1
2019,Backreef,LTER_4,2
2019,Backreef,LTER_4,3
2019,Backreef,LTER_4,4
2019,Backreef,LTER_5,1
2019,Backreef,LTER_5,2
2019,Backreef,LTER_5,3
2019,Backreef,LTER_5,4
2019,Backreef,LTER_6,1
2019,Backreef,LTER_6,2
2019,Backreef,LTER_6,3
2019,Backreef,LTER_6,4
2019,Forereef,LTER_1,1
2019,Forereef,LTER_1,2
2019,Forereef,LTER_1,3
2019,Forereef,LTER_1,4
2019,Forereef,LTER_2,1
2019,Forereef,LTER_2,2
2019,Forereef,LTER_2,3
2019,Forereef,LTER_2,4
2019,Forereef,LTER_3,1
2019,Forereef,LTER_3,2
2019,Forereef,LTER_3,3
2019,Forereef,LTER_3,4
2019,Forereef,LTER_4,1
2019,Forereef,LTER_4,2
2019,Forereef,LTER_4,3
2019,Forereef,LTER_4,4
2019,Forereef,LTER_5,1
2019,Forereef,LTER_5,2
2019,Forereef,LTER_5,3
2019,Forereef,LTER_5,4
2019,Forereef,LTER_6,1
2019,Forereef,LTER_6,2
2019,Forereef,LTER_6,3
2019,Forereef,LTER_6,4
2019,Fringing,LTER_1,1
2019,Fringing,LTER_1,2
2019,Fringing,LTER_1,3
2019,Fringing,LTER_1,4
2019,Fringing,LTER_2,1
2019,Fringing,LTER_2,2
2019,Fringing,LTER_2,3
2019,Fringing,LTER_2,4
2019,Fringing,LTER_3,1
2019,Fringing,LTER_3,2
2019,Fringing,LTER_3,3
2019,Fringing,LTER_3,4
2019,Fringing,LTER_4,1
2019,Fringing,LTER_4,2
2019,Fringing,LTER_4,3
2019,Fringing,LTER_4,4
2019,Fringing,LTER_5,1
2019,Fringing,LTER_5,2
2019,Fringing,LTER_5,3
2019,Fringing,LTER_5,4
2019,Fringing,LTER_6,1
2019,Fringing,LTER_6,2
2019,Fringing,LTER_6,3
2019,Fringing,LTER_6,4
2020,Backreef,LTER_1,1
2020,Backreef,LTER_1,2
2020,Backreef,LTER_1,3
2020,Backreef,LTER_1,4
2020,Backreef,LTER_2,1
2020,Backreef,LTER_2,2
2020,Backreef,LTER_2,3
2020,Backreef,LTER_2,4
2020,Backreef,LTER_3,1
2020,Backreef,LTER_3,2
2020,Backreef,LTER_3,3
2020,Backreef,LTER_3,4
2020,Backreef,LTER_4,1
2020,Backreef,LTER_4,2
2020,Backreef,LTER_4,3
2020,Backreef,LTER_4,4
2020,Backreef,LTER_5,1
2020,Backreef,LTER_5,2
2020,Backreef,LTER_5,3
2020,Backreef,LTER_5,4
2020,Backreef,LTER_6,1
2020,Backreef,LTER_6,2
2020,Backreef,LTER_6,3
2020,Backreef,LTER_6,4
2020,Forereef,LTER_1,1
2020,Forereef,LTER_1,2
2020,Forereef,LTER_1,3
2020,Forereef,LTER_1,4
2020,Forereef,LTER_2,1
2020,Forereef,LTER_2,2
2020,Forereef,LTER_2,3
2020,Forereef,LTER_2,4
2020,Forereef,LTER_3,1
2020,Forereef,LTER_3,2
2020,Forereef,LTER_3,3
2020,Forereef,LTER_3,4
2020,Forereef,LTER_4,1
2020,Forereef,LTER_4,2
2020,Forereef,LTER_4,3
2020,Forereef,LTER_4,4
2020,Forereef,LTER_5,1
2020,Forereef,LTER_5,2
2020,Forereef,LTER_5,3
2020,Forereef,LTER_5,4
2020,Forereef,LTER_6,1
2020,Forereef,LTER_6,2
2020,Forereef,LTER_6,3
2020,Forereef,LTER_6,4
2020,Fringing,LTER_1,1
2020,Fringing,LTER_1,2
2020,Fringing,LTER_1,3
2020,Fringing,LTER_1,4
2020,Fringing,LTER_2,1
2020,Fringing,LTER_2,2
2020,Fringing,LTER_2,3
2020,Fringing,LTER_2,4
2020,Fringing,LTER_3,1
2020,Fringing,LTER_3,2
2020,Fringing,LTER_3,3
2020,Fringing,LTER_3,4
2020,Fringing,LTER_4,1
2020,Fringing,LTER_4,2
2020,Fringing,LTER_4,3
2020,Fringing,LTER_4,4
2020,Fringing,LTER_5,1
2020,Fringing,LTER_5,2
2020,Fringing,LTER_5,3
2020,Fringing,LTER_5,4
2020,Fringing,LTER_6,1
2020,Fringing,LTER_6,2
2020,Fringing,LTER_6,3
2020,Fringing,LTER_6,4
2021,Backreef,LTER_1,1
2021,Backreef,LTER_1,2
2021,Backreef,LTER_1,3
2021,Backreef,LTER_1,4
2021,Backreef,LTER_2,1
2021,Backreef,LTER_2,2
2021,Backreef,LTER_2,3
2021,Backreef,LTER_2,4
2021,Backreef,LTER_3,1
2021,Backreef,LTER_3,2
2021,Backreef,LTER_3,3
2021,Backreef,LTER_3,4
2021,Backreef,LTER_4,1
2021,Backreef,LTER_4,2
2021,Backreef,LTER_4,3
2021,Backreef,LTER_4,4
2021,Backreef,LTER_5,1
2021,Backreef,LTER_5,2
2021,Backreef,LTER_5,3
2021,Backreef,LTER_5,4
2021,Backreef,LTER_6,1
2021,Backreef,LTER_6,2
2021,Backreef,LTER_6,3
2021,Backreef,LTER_6,4
2021,Forereef,LTER_1,1
2021,Forereef,LTER_1,2
2021,Forereef,LTER_1,3
2021,Forereef,LTER_1,4
2021,Forereef,LTER_2,1
2021,Forereef,LTER_2,2
2021,Forereef,LTER_2,3
2021,Forereef,LTER_2,4
2021,Forereef,LTER_3,1
2021,Forereef,LTER_3,2
2021,Forereef,LTER_3,3
2021,Forereef,LTER_3,4
2021,Forereef,LTER_4,1
2021,Forereef,LTER_4,2
2021,Forereef,LTER_4,3
2021,Forereef,LTER_4,4
2021,Forereef,LTER_5,1
2021,Forereef,LTER_5,2
2021,Forereef,LTER_5,3
2021,Forereef,LTER_5,4
2021,Forereef,LTER_6,1
2021,Forereef,LTER_6,2
2021,Forereef,LTER_6,3
2021,Forereef,LTER_6,4
2021,Fringing,LTER_1,1
2021,Fringing,LTER_1,2
2021,Fringing,LTER_1,3
2021,Fringing,LTER_1,4
2021,Fringing,LTER_2,1
2021,Fringing,LTER_2,2
2021,Fringing,LTER_2,3
2021,Fringing,LTER_2,4
2021,Fringing,LTER_3,1
2021,Fringing,LTER_3,2
2021,Fringing,LTER_3,3
2021,Fringing,LTER_3,4
2021,Fringing,LTER_4,1
2021,Fringing,LTER_4,2
2021,Fringing,LTER_4,3
2021,Fringing,LTER_4,4
2021,Fringing,LTER_5,1
2021,Fringing,LTER_5,2
2021,Fringing,LTER_5,3
2021,Fringing,LTER_5,4
2021,Fringing,LTER_6,1
2021,Fringing,LTER_6,2
2021,Fringing,LTER_6,3
2021,Fringing,LTER_6,4
2022,Backreef,LTER_1,1
2022,Backreef,LTER_1,2
2022,Backreef,LTER_1,3
2022,Backreef,LTER_1,4
2022,Backreef,LTER_2,1
2022,Backreef,LTER_2,2
2022,Backreef,LTER_2,3
2022,Backreef,LTER_2,4
2022,Backreef,LTER_3,1
2022,Backreef,LTER_3,2
2022,Backreef,LTER_3,3
2022,Backreef,LTER_3,4
2022,Backreef,LTER_4,1
2022,Backreef,LTER_4,2
2022,Backreef,LTER_4,3
2022,Backreef,LTER_4,4
2022,Backreef,LTER_5,1
2022,Backreef,LTER_5,2
2022,Backreef,LTER_5,3
2022,Backreef,LTER_5,4
2022,Backreef,LTER_6,1
2022,Backreef,LTER_6,2
2022,Backreef,LTER_6,3
2022,Backreef,LTER_6,4
2022,Forereef,LTER_1,1
2022,Forereef,LTER_1,2
2022,Forereef,LTER_1,3
2022,Forereef,LTER_1,4
2022,Forereef,LTER_2,1
2022,Forereef,LTER_2,2
2022,Forereef,LTER_2,3
2022,Forereef,LTER_2,4
2022,Forereef,LTER_3,1
2022,Forereef,LTER_3,2
2022,Forereef,LTER_3,3
2022,Forereef,LTER_3,4
2022,Forereef,LTER_4,1
2022,Forereef,LTER_4,2
2022,Forereef,LTER_4,3
2022,Forereef,LTER_4,4
2022,Forereef,LTER_5,1
2022,Forereef,LTER_5,2
2022,Forereef,LTER_5,3
2022,Forereef,LTER_5,4
2022,Forereef,LTER_6,1
2022,Forereef,LTER_6,2
2022,Forereef,LTER_6,3
2022,Forereef,LTER_6,4
2022,Fringing,LTER_1,1
2022,Fringing,LTER_1,2
2022,Fringing,LTER_1,3
2022,Fringing,LTER_1,4
2022,Fringing,LTER_2,1
2022,Fringing,LTER_2,2
2022,Fringing,LTER_2,3
2022,Fringing,LTER_2,4
2022,Fringing,LTER_3,1
2022,Fringing,LTER_3,2
2022,Fringing,LTER_3,3
2022,Fringing,LTER_3,4
2022,Fringing,LTER_4,1
2022,Fringing,LTER_4,2
2022,Fringing,LTER_4,3
2022,Fringing,LTER_4,4
2022,Fringing,LTER_5,1
2022,Fringing,LTER_5,2
2022,Fringing,LTER_5,3
2022,Fringing,LTER_5,4
2022,Fringing,LTER_6,1
2022,Fringing,LTER_6,2
2022,Fringing,LTER_6,3
2022,Fringing,LTER_6,4
2023,Backreef,LTER_1,1
2023,Backreef,LTER_1,2
2023,Backreef,LTER_1,3
2023,Backreef,LTER_1,4
2023,Backreef,LTER_2,1
2023,Backreef,LTER_2,2
2023,Backreef,LTER_2,3
2023,Backreef,LTER_2,4
2023,Backreef,LTER_3,1
2023,Backreef,LTER_3,2
2023,Backreef,LTER_3,3
2023,Backreef,LTER_3,4
2023,Backreef,LTER_4,1
2023,Backreef,LTER_4,2
2023,Backreef,LTER_4,3
2023,Backreef,LTER_4,4
2023,Backreef,LTER_5,1
2023,Backreef,LTER_5,2
2023,Backreef,LTER_5,3
2023,Backreef,LTER_5,4
2023,Backreef,LTER_6,1
2023,Backreef,LTER_6,2
2023,Backreef,LTER_6,3
2023,Backreef,LTER_6,4
2023,Forereef,LTER_1,1
2023,Forereef,LTER_1,2
2023,Forereef,LTER_1,3
2023,Forereef,LTER_1,4
2023,Forereef,LTER_2,1
2023,Forereef,LTER_2,2
2023,Forereef,LTER_2,3
2023,Forereef,LTER_2,4
2023,Forereef,LTER_3,1
2023,Forereef,LTER_3,2
2023,Forereef,LTER_3,3
2023,Forereef,LTER_3,4
2023,Forereef,LTER_4,1
2023,Forereef,LTER_4,2
2023,Forereef,LTER_4,3
2023,Forereef,LTER_4,4
2023,Forereef,LTER_5,1
2023,Forereef,LTER_5,2
2023,Forereef,LTER_5,3
2023,Forereef,LTER_5,4
2023,Forereef,LTER_6,1
2023,Forereef,LTER_6,2
2023,Forereef,LTER_6,3
2023,Forereef,LTER_6,4
2023,Fringing,LTER_1,1
2023,Fringing,LTER_1,2
2023,Fringing,LTER_1,3
2023,Fringing,LTER_1,4
2023,Fringing,LTER_2,1
2023,Fringing,LTER_2,2
2023,Fringing,LTER_2,3
2023,Fringing,LTER_2,4
2023,Fringing,LTER_3,1
2023,Fringing,LTER_3,2
2023,Fringing,LTER_3,3
2023,Fringing,LTER_3,4
2023,Fringing,LTER_4,1
2023,Fringing,LTER_4,2
2023,Fringing,LTER_4,3
2023,Fringing,LTER_4,4
2023,Fringing,LTER_5,1
2023,Fringing,LTER_5,2
2023,Fringing,LTER_5,3
2023,Fringing,LTER_5,4
2023,Fringing,LTER_6,1
2023,Fringing,LTER_6,2
2023,Fringing,LTER_6,3
2023,Fringing,LTER_6,4
2024,Backreef,LTER_1,1
2024,Backreef,LTER_1,2
2024,Backreef,LTER_1,3
2024,Backreef,LTER_1,4
2024,Backreef,LTER_2,1
2024,Backreef,LTER_2,2
2024,Backreef,LTER_2,3
2024,Backreef,LTER_2,4
2024,Backreef,LTER_3,1
2024,Backreef,LTER_3,2
2024,Backreef,LTER_3,3
2024,Backreef,LTER_3,4
2024,Backreef,LTER_4,1
2024,Backreef,LTER_4,2
2024,Backreef,LTER_4,3
2024,Backreef,LTER_4,4
2024,Backreef,LTER_5,1
2024,Backreef,LTER_5,2
2024,Backreef,LTER_5,3
2024,Backreef,LTER_5,4
2024,Backreef,LTER_6,1
2024,Backreef,LTER_6,2
2024,Backreef,LTER_6,3
2024,Backreef,LTER_6,4
2024,Forereef,LTER_1,1
2024,Forereef,LTER_1,2
2024,Forereef,LTER_1,3
2024,Forereef,LTER_1,4
2024,Forereef,LTER_2,1
2024,Forereef,LTER_2,2
2024,Forereef,LTER_2,3
2024,Forereef,LTER_2,4
2024,Forereef,LTER_3,1
2024,Forereef,LTER_3,2
2024,Forereef,LTER_3,3
2024,Forereef,LTER_3,4
2024,Forereef,LTER_4,1
2024,Forereef,LTER_4,2
2024,Forereef,LTER_4,3
2024,Forereef,LTER_4,4
2024,Forereef,LTER_5,1
2024,Forereef,LTER_5,2
2024,Forereef,LTER_5,3
2024,Forereef,LTER_5,4
2024,Forereef,LTER_6,1
2024,Forereef,LTER_6,2
2024,Forereef,LTER_6,3
2024,Forereef,LTER_6,4
2024,Fringing,LTER_1,1
2024,Fringing,LTER_1,2
2024,Fringing,LTER_1,3
2024,Fringing,LTER_1,4
2024,Fringing,LTER_2,1
2024,Fringing,LTER_2,2
2024,Fringing,LTER_2,3
2024,Fringing,LTER_2,4
2024,Fringing,LTER_3,1
2024,Fringing,LTER_3,2
2024,Fringing,LTER_3,3
2024,Fringing,LTER_3,4
2024,Fringing,LTER_4,1
2024,Fringing,LTER_4,2
2024,Fringing,LTER_4,3
2024,Fringing,LTER_4,4
2024,Fringing,LTER_5,1
2024,Fringing,LTER_5,2
2024,Fringing,LTER_5,3
2024,Fringing,LTER_5,4
2024,Fringing,LTER_6,1
2024,Fringing,LTER_6,2
2024,Fringing,LTER_6,3
2024,Fringing,LTER_6,4
2025,Backreef,LTER_1,1
2025,Backreef,LTER_1,2
2025,Backreef,LTER_1,3
2025,Backreef,LTER_1,4
2025,Backreef,LTER_2,1
2025,Backreef,LTER_2,2
2025,Backreef,LTER_2,3
2025,Backreef,LTER_2,4
2025,Backreef,LTER_3,1
2025,Backreef,LTER_3,2
2025,Backreef,LTER_3,3
2025,Backreef,LTER_3,4
2025,Backreef,LTER_4,1
2025,Backreef,LTER_4,2
2025,Backreef,LTER_4,3
2025,Backreef,LTER_4,4
2025,Backreef,LTER_5,1
2025,Backreef,LTER_5,2
2025,Backreef,LTER_5,3
2025,Backreef,LTER_5,4
2025,Backreef,LTER_6,1
2025,Backreef,LTER_6,2
2025,Backreef,LTER_6,3
2025,Backreef,LTER_6,4
2025,Forereef,LTER_1,1
2025,Forereef,LTER_1,2
2025,Forereef,LTER_1,3
2025,Forereef,LTER_1,4
2025,Forereef,LTER_2,1
2025,Forereef,LTER_2,2
2025,Forereef,LTER_2,3
2025,Forereef,LTER_2,4
2025,Forereef,LTER_3,1
2025,Forereef,LTER_3,2
2025,Forereef,LTER_3,3
2025,Forereef,LTER_3,4
2025,Forereef,LTER_4,1
2025,Forereef,LTER_4,2
2025,Forereef,LTER_4,3
2025,Forereef,LTER_4,4
2025,Forereef,LTER_5,1
2025,Forereef,LTER_5,2
2025,Forereef,LTER_5,3
2025,Forereef,LTER_5,4
2025,Forereef,LTER_6,1
2025,Forereef,LTER_6,2
2025,Forereef,LTER_6,3
2025,Forereef,LTER_6,4
2025,Fringing,LTER_1,1
2025,Fringing,LTER_1,2
2025,Fringing,LTER_1,3
2025,Fringing,LTER_1,4
2025,Fringing,LTER_2,1
2025,Fringing,LTER_2,2
2025,Fringing,LTER_2,3
2025,Fringing,LTER_2,4
2025,Fringing,LTER_3,1
2025,Fringing,LTER_3,2
2025,Fringing,LTER_3,3
2025,Fringing,LTER_3,4
2025,Fringing,LTER_4,1
2025,Fringing,LTER_4,2
2025,Fringing,LTER_4,3
2025,Fringing,LTER_4,4
2025,Fringing,LTER_5,1
2025,Fringing,LTER_5,2
2025,Fringing,LTER_5,3
2025,Fringing,LTER_5,4
2025,Fringing,LTER_6,1
2025,Fringing,LTER_6,2
2025,Fringing,LTER_6,3
2025,Fringing,LTER_6,4
