site,lat,lon
B01,-17.485026,-149.890075
B02,-17.484073,-149.878997
B03,-17.487084,-149.868009
B04,-17.482034,-149.850008
B05,-17.479038,-149.833024
B06,-17.475105,-149.817006
B07,-17.475020,-149.806018
B08,-17.475041,-149.793003
B09,-17.473117,-149.784034
B10,-17.502997,-149.761006
B10.5,-17.508008,-149.763026
B11,-17.520039,-149.765032
B12,-17.530035,-149.765007
B13,-17.535075,-149.764030
B14,-17.541015,-149.767003
B15,-17.561081,-149.783034
B16,-17.569069,-149.787024
B17,-17.580038,-149.789009
B18,-17.587066,-149.791003
B19,-17.599038,-149.799012
B20,-17.603017,-149.808013
B21,-17.603045,-149.817015
B22,-17.603031,-149.827024
B23,-17.599019,-149.836011
B24,-17.593062,-149.853003
B25,-17.590310,-149.861199
B26,-17.585072,-149.867002
B27,-17.568033,-149.882015
B28,-17.562047,-149.885005
B29,-17.555057,-149.892055
B30,-17.550156,-149.897036
B31,-17.545196,-149.902039
B32,-17.535110,-149.913115
B33,-17.512958,-149.921970
B34,-17.504000,-149.923996
B35,-17.495079,-149.923031
W01,-17.586513,-149.868121
W02,-17.585899,-149.867257
W04,-17.584368,-149.866547
W05,-17.583105,-149.866022
N01,-17.480673,-149.845940
N02,-17.480106,-149.846243
N03,-17.479221,-149.846565
N04,-17.481511,-149.845433
N05,-17.482046,-149.845020
E01,-17.540900,-149.766000
E02,-17.541100,-149.766000
E03,-17.540300,-149.768000
E04,-17.539700,-149.768000
